id,terrestrial_date,sol,ls,month,min_temp,pressure,terrestrial_date_count,days_from_start
2,2012-00-08/16/12,10,155,6,-75.0,739.0,1867,0
13,2012-00-08/17/12,11,156,6,-76.0,740.0,1867,1
24,2012-00-08/18/12,12,156,6,-76.0,741.0,1867,2
35,2012-00-08/19/12,13,157,6,-74.0,732.0,1867,3
46,2012-00-08/20/12,14,157,6,-74.0,740.0,1867,4
57,2012-00-08/21/12,15,158,6,-78.0,740.0,1867,5
68,2012-00-08/22/12,16,158,6,-77.0,740.0,1867,6
79,2012-00-08/23/12,17,159,6,-76.0,742.0,1867,7
112,2012-00-08/27/12,21,161,6,-74.0,741.0,1867,11
114,2012-00-08/28/12,22,162,6,-74.0,742.0,1867,12
123,2012-00-08/29/12,23,162,6,-75.0,741.0,1867,13
134,2012-00-08/30/12,24,163,6,-75.0,742.0,1867,14
145,2012-00-08/31/12,25,163,6,-75.0,743.0,1867,15
156,2012-00-09/01/12,26,164,6,-76.0,745.0,1867,16
163,2012-00-09/02/12,27,164,6,-75.0,743.0,1867,17
170,2012-00-09/03/12,28,165,6,-75.0,745.0,1867,18
171,2012-00-09/04/12,29,166,6,-75.0,747.0,1867,19
172,2012-00-09/05/12,30,166,6,-74.0,747.0,1867,20
173,2012-00-09/06/12,31,167,6,-74.0,745.0,1867,21
175,2012-00-09/08/12,33,168,6,-73.0,748.0,1867,23
176,2012-00-09/10/12,34,168,6,-73.0,748.0,1867,25
177,2012-00-09/11/12,35,169,6,-73.0,749.0,1867,26
178,2012-00-09/12/12,36,169,6,-73.0,750.0,1867,27
179,2012-00-09/13/12,37,170,6,-73.0,750.0,1867,28
180,2012-00-09/14/12,38,171,6,-73.0,750.0,1867,29
181,2012-00-09/15/12,39,171,6,-75.0,751.0,1867,30
182,2012-00-09/16/12,40,172,6,-75.0,753.0,1867,31
183,2012-00-09/17/12,41,172,6,-75.0,753.0,1867,32
184,2012-00-09/18/12,42,173,6,-75.0,754.0,1867,33
185,2012-00-09/19/12,43,173,6,-74.0,756.0,1867,34
186,2012-00-09/20/12,44,174,6,-75.0,757.0,1867,35
187,2012-00-09/21/12,45,175,6,-74.0,758.0,1867,36
188,2012-00-09/22/12,46,175,6,-74.0,758.0,1867,37
189,2012-00-09/23/12,47,176,6,-75.0,758.0,1867,38
190,2012-00-09/24/12,48,176,6,-75.0,759.0,1867,39
191,2012-00-09/25/12,49,177,6,-74.0,761.0,1867,40
192,2012-00-09/26/12,50,177,6,-72.0,761.0,1867,41
193,2012-00-09/27/12,51,178,6,-76.0,762.0,1867,42
194,2012-00-09/28/12,52,179,6,-74.0,762.0,1867,43
195,2012-00-09/29/12,53,179,6,-71.0,764.0,1867,44
196,2012-00-09/30/12,54,180,7,-72.0,766.0,1867,45
197,2012-00-10/01/12,55,180,7,-74.0,766.0,1867,46
198,2012-00-10/02/12,56,181,7,-73.0,768.0,1867,47
199,2012-00-10/03/12,57,181,7,-73.0,769.0,1867,48
200,2012-00-10/04/12,58,182,7,-74.0,769.0,1867,49
201,2012-00-10/05/12,59,183,7,-76.0,771.0,1867,50
202,2012-00-10/06/12,60,183,7,-75.0,772.0,1867,51
203,2012-00-10/07/12,61,184,7,-72.0,772.0,1867,52
204,2012-00-10/08/12,62,184,7,-72.0,774.0,1867,53
205,2012-00-10/09/12,63,185,7,-73.0,775.0,1867,54
206,2012-00-10/10/12,64,186,7,-74.0,776.0,1867,55
207,2012-00-10/11/12,65,186,7,-72.0,777.0,1867,56
208,2012-00-10/12/12,66,187,7,-73.0,778.0,1867,57
209,2012-00-10/13/12,67,187,7,-73.0,780.0,1867,58
210,2012-00-10/14/12,68,188,7,-71.0,781.0,1867,59
211,2012-00-10/15/12,69,189,7,-73.0,778.0,1867,60
212,2012-00-10/17/12,70,189,7,-72.0,783.0,1867,62
213,2012-00-10/18/12,71,190,7,-71.0,784.0,1867,63
214,2012-00-10/19/12,72,190,7,-73.0,785.0,1867,64
215,2012-00-10/20/12,73,191,7,-70.0,788.0,1867,65
216,2012-00-10/21/12,74,192,7,-72.0,790.0,1867,66
217,2012-00-10/22/12,75,192,7,-73.0,791.0,1867,67
218,2012-00-10/23/12,76,193,7,-73.0,792.0,1867,68
219,2012-00-10/24/12,77,193,7,-71.0,792.0,1867,69
220,2012-00-10/25/12,78,194,7,-71.0,793.0,1867,70
221,2012-00-10/26/12,79,195,7,-73.0,795.0,1867,71
222,2012-00-10/27/12,80,195,7,-70.0,796.0,1867,72
223,2012-00-10/28/12,81,196,7,-72.0,798.0,1867,73
224,2012-00-10/29/12,82,196,7,-72.0,799.0,1867,74
225,2012-00-10/30/12,83,197,7,-72.0,801.0,1867,75
226,2012-00-10/31/12,84,198,7,-70.0,801.0,1867,76
227,2012-00-11/01/12,85,198,7,-71.0,805.0,1867,77
228,2012-00-11/02/12,86,199,7,-71.0,808.0,1867,78
229,2012-00-11/03/12,87,199,7,-70.0,808.0,1867,79
230,2012-00-11/04/12,88,200,7,-70.0,811.0,1867,80
231,2012-00-11/05/12,89,201,7,-73.0,813.0,1867,81
233,2012-00-11/06/12,90,201,7,-71.0,813.0,1867,82
234,2012-00-11/07/12,91,202,7,-74.0,817.0,1867,83
235,2012-00-11/08/12,92,202,7,-74.0,820.0,1867,84
236,2012-00-11/09/12,93,203,7,-72.0,819.0,1867,85
237,2012-00-11/10/12,94,204,7,-70.0,822.0,1867,86
238,2012-00-11/11/12,95,204,7,-68.0,822.0,1867,87
239,2012-00-11/12/12,96,205,7,-71.0,826.0,1867,88
240,2012-00-11/13/12,97,206,7,-68.0,828.0,1867,89
241,2012-00-11/14/12,98,206,7,-68.0,828.0,1867,90
242,2012-00-11/15/12,99,207,7,-68.0,829.0,1867,91
3,2012-00-11/16/12,100,207,7,-66.0,829.0,1867,92
4,2012-00-11/17/12,101,208,7,-65.0,830.0,1867,93
5,2012-00-11/18/12,102,209,7,-67.0,833.0,1867,94
6,2012-00-11/19/12,103,209,7,-66.0,836.0,1867,95
7,2012-00-11/20/12,104,210,8,-67.0,838.0,1867,96
8,2012-00-11/21/12,105,211,8,-66.0,839.0,1867,97
9,2012-00-11/23/12,106,211,8,-66.0,841.0,1867,99
10,2012-00-11/24/12,107,212,8,-66.0,844.0,1867,100
11,2012-00-11/25/12,108,212,8,-65.0,845.0,1867,101
12,2012-00-11/26/12,109,213,8,-64.0,844.0,1867,102
14,2012-00-11/27/12,110,214,8,-65.0,848.0,1867,103
15,2012-00-11/28/12,111,214,8,-66.0,849.0,1867,104
16,2012-00-11/29/12,112,215,8,-65.0,852.0,1867,105
17,2012-00-11/30/12,113,216,8,-66.0,857.0,1867,106
18,2012-00-12/01/12,114,216,8,-69.0,857.0,1867,107
19,2012-00-12/02/12,115,217,8,-66.0,857.0,1867,108
20,2012-00-12/03/12,116,217,8,-67.0,859.0,1867,109
21,2012-00-12/04/12,117,218,8,-66.0,861.0,1867,110
22,2012-00-12/05/12,118,219,8,-65.0,864.0,1867,111
23,2012-00-12/06/12,119,219,8,-66.0,866.0,1867,112
25,2012-00-12/07/12,120,220,8,-67.0,867.0,1867,113
26,2012-00-12/08/12,121,221,8,-66.0,869.0,1867,114
27,2012-00-12/09/12,122,221,8,-65.0,869.0,1867,115
28,2012-00-12/10/12,123,222,8,-66.0,875.0,1867,116
29,2012-00-12/11/12,124,223,8,-66.0,876.0,1867,117
30,2012-00-12/12/12,125,223,8,-68.0,880.0,1867,118
31,2012-00-12/13/12,126,224,8,-66.0,880.0,1867,119
32,2012-00-12/14/12,127,224,8,-67.0,884.0,1867,120
33,2012-00-12/15/12,128,225,8,-67.0,883.0,1867,121
34,2012-00-12/16/12,129,226,8,-65.0,886.0,1867,122
36,2012-00-12/17/12,130,226,8,-65.0,888.0,1867,123
37,2012-00-12/18/12,131,227,8,-65.0,889.0,1867,124
38,2012-00-12/19/12,132,228,8,-65.0,890.0,1867,125
39,2012-00-12/20/12,133,228,8,-65.0,891.0,1867,126
40,2012-00-12/21/12,134,229,8,-67.0,893.0,1867,127
41,2012-00-12/22/12,135,230,8,-65.0,894.0,1867,128
42,2012-00-12/23/12,136,230,8,-65.0,897.0,1867,129
43,2012-00-12/24/12,137,231,8,-64.0,896.0,1867,130
44,2012-00-12/25/12,138,232,8,-65.0,899.0,1867,131
45,2012-00-12/26/12,139,232,8,-66.0,899.0,1867,132
47,2012-00-12/27/12,140,233,8,-66.0,903.0,1867,133
48,2012-00-12/28/12,141,233,8,-64.0,904.0,1867,134
49,2012-00-12/29/12,142,234,8,-65.0,906.0,1867,135
50,2012-00-12/31/12,143,235,8,-63.0,908.0,1867,137
51,2013-00-01/01/13,144,235,8,-64.0,907.0,1867,138
52,2013-00-01/02/13,145,236,8,-64.0,909.0,1867,139
53,2013-00-01/03/13,146,237,8,-65.0,908.0,1867,140
54,2013-00-01/04/13,147,237,8,-65.0,914.0,1867,141
55,2013-00-01/05/13,148,238,8,-65.0,912.0,1867,142
56,2013-00-01/06/13,149,239,8,-65.0,914.0,1867,143
58,2013-00-01/07/13,150,239,8,-64.0,913.0,1867,144
59,2013-00-01/08/13,151,240,9,-65.0,915.0,1867,145
60,2013-00-01/09/13,152,241,9,-63.0,914.0,1867,146
61,2013-00-01/10/13,153,241,9,-65.0,915.0,1867,147
62,2013-00-01/11/13,154,242,9,-65.0,917.0,1867,148
63,2013-00-01/12/13,155,243,9,-64.0,917.0,1867,149
64,2013-00-01/13/13,156,243,9,-65.0,922.0,1867,150
65,2013-00-01/14/13,157,244,9,-64.0,920.0,1867,151
66,2013-00-01/15/13,158,245,9,-66.0,922.0,1867,152
67,2013-00-01/16/13,159,245,9,-65.0,918.0,1867,153
69,2013-00-01/17/13,160,246,9,-67.0,919.0,1867,154
70,2013-00-01/18/13,161,246,9,-65.0,919.0,1867,155
71,2013-00-01/19/13,162,247,9,-65.0,919.0,1867,156
72,2013-00-01/20/13,163,248,9,-65.0,919.0,1867,157
73,2013-00-01/21/13,164,248,9,-64.0,919.0,1867,158
74,2013-00-01/22/13,165,249,9,-65.0,922.0,1867,159
75,2013-00-01/23/13,166,250,9,-65.0,922.0,1867,160
76,2013-00-01/24/13,167,250,9,-65.0,920.0,1867,161
77,2013-00-01/25/13,168,251,9,-66.0,923.0,1867,162
78,2013-00-01/26/13,169,252,9,-66.0,922.0,1867,163
80,2013-00-01/27/13,170,252,9,-66.0,925.0,1867,164
81,2013-00-01/28/13,171,253,9,-67.0,925.0,1867,165
82,2013-00-01/29/13,172,254,9,-67.0,923.0,1867,166
83,2013-00-01/30/13,173,254,9,-67.0,920.0,1867,167
84,2013-00-01/31/13,174,255,9,-67.0,921.0,1867,168
85,2013-00-02/01/13,175,256,9,-68.0,921.0,1867,169
86,2013-00-02/02/13,176,256,9,-67.0,920.0,1867,170
87,2013-00-02/03/13,177,257,9,-66.0,921.0,1867,171
88,2013-00-02/04/13,178,258,9,-66.0,920.0,1867,172
89,2013-00-02/06/13,179,258,9,-66.0,920.0,1867,174
91,2013-00-02/07/13,180,259,9,-67.0,919.0,1867,175
92,2013-00-02/08/13,181,260,9,-67.0,918.0,1867,176
93,2013-00-02/09/13,182,260,9,-67.0,921.0,1867,177
94,2013-00-02/10/13,183,261,9,-67.0,921.0,1867,178
95,2013-00-02/11/13,184,261,9,-67.0,923.0,1867,179
96,2013-00-02/12/13,185,262,9,-67.0,923.0,1867,180
97,2013-00-02/13/13,186,263,9,-66.0,922.0,1867,181
98,2013-00-02/14/13,187,263,9,-67.0,921.0,1867,182
99,2013-00-02/15/13,188,264,9,-68.0,920.0,1867,183
100,2013-00-02/16/13,189,265,9,-68.0,920.0,1867,184
102,2013-00-02/17/13,190,265,9,-66.0,917.0,1867,185
103,2013-00-02/18/13,191,266,9,-67.0,921.0,1867,186
106,2013-00-02/23/13,196,269,9,-66.0,916.0,1867,191
107,2013-00-02/24/13,197,270,10,-68.0,915.0,1867,192
108,2013-00-02/25/13,198,271,10,-67.0,914.0,1867,193
109,2013-00-02/26/13,199,271,10,-66.0,917.0,1867,194
116,2013-00-03/23/13,223,287,10,-71.0,895.0,1867,219
117,2013-00-03/24/13,224,287,10,-69.0,894.0,1867,220
118,2013-00-03/25/13,225,288,10,-71.0,894.0,1867,221
119,2013-00-03/26/13,226,288,10,-70.0,894.0,1867,222
120,2013-00-03/27/13,227,289,10,-70.0,892.0,1867,223
121,2013-00-03/28/13,228,290,10,-71.0,894.0,1867,224
122,2013-00-03/29/13,229,290,10,-69.0,894.0,1867,225
124,2013-00-03/30/13,230,291,10,-69.0,888.0,1867,226
125,2013-00-03/31/13,231,292,10,-71.0,890.0,1867,227
126,2013-00-04/01/13,232,292,10,-69.0,888.0,1867,228
127,2013-00-04/02/13,233,293,10,-69.0,889.0,1867,229
128,2013-00-04/03/13,234,293,10,-69.0,890.0,1867,230
129,2013-00-04/04/13,235,294,10,-70.0,886.0,1867,231
130,2013-00-04/05/13,236,295,10,-72.0,886.0,1867,232
131,2013-00-04/06/13,237,295,10,-71.0,883.0,1867,233
132,2013-00-04/07/13,238,296,10,-70.0,885.0,1867,234
133,2013-00-04/08/13,239,297,10,-73.0,885.0,1867,235
135,2013-00-04/09/13,240,297,10,-70.0,884.0,1867,236
136,2013-00-04/10/13,241,298,10,-72.0,884.0,1867,237
137,2013-00-04/11/13,242,298,10,-70.0,881.0,1867,238
138,2013-00-04/12/13,243,299,10,-71.0,884.0,1867,239
139,2013-00-04/13/13,244,300,11,-69.0,878.0,1867,240
140,2013-00-04/14/13,245,300,11,-70.0,879.0,1867,241
141,2013-00-04/15/13,246,301,11,-73.0,878.0,1867,242
142,2013-00-04/16/13,247,301,11,-71.0,873.0,1867,243
143,2013-00-04/17/13,248,302,11,-70.0,877.0,1867,244
144,2013-00-04/18/13,249,303,11,-69.0,873.0,1867,245
146,2013-00-04/19/13,250,303,11,-70.0,877.0,1867,246
147,2013-00-04/20/13,251,304,11,-71.0,876.0,1867,247
148,2013-00-04/22/13,252,304,11,-71.0,874.0,1867,249
149,2013-00-04/23/13,253,305,11,-71.0,877.0,1867,250
150,2013-00-04/24/13,254,306,11,-70.0,871.0,1867,251
151,2013-00-04/25/13,255,306,11,-69.0,877.0,1867,252
152,2013-00-04/26/13,256,307,11,-70.0,871.0,1867,253
153,2013-00-04/27/13,257,308,11,-70.0,871.0,1867,254
154,2013-00-04/28/13,258,308,11,-71.0,869.0,1867,255
155,2013-00-04/29/13,259,309,11,-72.0,871.0,1867,256
157,2013-00-04/30/13,260,309,11,-70.0,875.0,1867,257
158,2013-00-05/01/13,261,310,11,-70.0,868.0,1867,258
161,2013-00-05/08/13,268,314,11,-70.0,864.0,1867,265
162,2013-00-05/09/13,269,315,11,-72.0,866.0,1867,266
164,2013-00-05/10/13,270,315,11,-67.0,863.0,1867,267
165,2013-00-05/11/13,271,316,11,-69.0,864.0,1867,268
166,2013-00-05/12/13,272,316,11,-71.0,864.0,1867,269
167,2013-00-05/13/13,273,317,11,-70.0,861.0,1867,270
168,2013-00-05/14/13,274,318,11,-70.0,861.0,1867,271
169,2013-00-05/15/13,275,318,11,-67.0,860.0,1867,272
244,2013-00-05/16/13,276,319,11,-69.0,858.0,1867,273
245,2013-00-05/17/13,277,319,11,-69.0,857.0,1867,274
246,2013-00-05/18/13,278,320,11,-67.0,855.0,1867,275
247,2013-00-05/19/13,279,321,11,-68.0,856.0,1867,276
248,2013-00-05/20/13,280,321,11,-69.0,856.0,1867,277
249,2013-00-05/21/13,281,322,11,-68.0,855.0,1867,278
250,2013-00-05/22/13,282,322,11,-72.0,856.0,1867,279
251,2013-00-05/23/13,283,323,11,-68.0,854.0,1867,280
252,2013-00-05/24/13,284,323,11,-71.0,854.0,1867,281
253,2013-00-05/25/13,285,324,11,-70.0,852.0,1867,282
254,2013-00-05/26/13,286,325,11,-71.0,854.0,1867,283
255,2013-00-05/27/13,287,325,11,-72.0,856.0,1867,284
256,2013-00-05/29/13,288,326,11,-69.0,854.0,1867,286
257,2013-00-05/30/13,289,326,11,-71.0,854.0,1867,287
258,2013-00-05/31/13,290,327,11,-71.0,853.0,1867,288
259,2013-00-06/01/13,291,327,11,-70.0,853.0,1867,289
260,2013-00-06/02/13,292,328,11,-71.0,853.0,1867,290
261,2013-00-06/03/13,293,329,11,-72.0,850.0,1867,291
262,2013-00-06/04/13,294,329,11,-72.0,852.0,1867,292
263,2013-00-06/05/13,295,330,12,-71.0,853.0,1867,293
264,2013-00-06/06/13,296,330,12,-71.0,850.0,1867,294
265,2013-00-06/07/13,297,331,12,-72.0,849.0,1867,295
266,2013-00-06/08/13,298,331,12,-72.0,850.0,1867,296
267,2013-00-06/09/13,299,332,12,-71.0,849.0,1867,297
286,2013-00-06/10/13,300,333,12,-72.0,852.0,1867,298
276,2013-00-06/11/13,301,333,12,-73.0,852.0,1867,299
287,2013-00-06/12/13,302,334,12,-71.0,850.0,1867,300
283,2013-00-06/13/13,303,334,12,-71.0,849.0,1867,301
281,2013-00-06/14/13,304,335,12,-70.0,848.0,1867,302
275,2013-00-06/15/13,305,335,12,-71.0,847.0,1867,303
280,2013-00-06/16/13,306,336,12,-71.0,848.0,1867,304
279,2013-00-06/17/13,307,336,12,-72.0,851.0,1867,305
282,2013-00-06/18/13,308,337,12,-73.0,850.0,1867,306
284,2013-00-06/19/13,309,338,12,-72.0,848.0,1867,307
278,2013-00-06/20/13,310,338,12,-71.0,849.0,1867,308
277,2013-00-06/21/13,311,339,12,-74.0,846.0,1867,309
285,2013-00-06/22/13,312,339,12,-71.0,845.0,1867,310
274,2013-00-06/23/13,313,340,12,-77.0,849.0,1867,311
272,2013-00-06/24/13,314,340,12,-73.0,848.0,1867,312
273,2013-00-06/25/13,315,341,12,-74.0,850.0,1867,313
288,2013-00-06/26/13,316,341,12,-74.0,851.0,1867,314
268,2013-00-06/27/13,317,342,12,-72.0,849.0,1867,315
270,2013-00-06/28/13,318,342,12,-74.0,849.0,1867,316
271,2013-00-06/29/13,319,343,12,-73.0,847.0,1867,317
269,2013-00-06/30/13,320,344,12,-74.0,846.0,1867,318
289,2013-00-07/01/13,321,344,12,-75.0,847.0,1867,319
291,2013-00-07/02/13,322,345,12,-74.0,849.0,1867,320
290,2013-00-07/03/13,323,345,12,-74.0,847.0,1867,321
292,2013-00-07/04/13,324,346,12,-75.0,850.0,1867,322
294,2013-00-07/06/13,325,346,12,-74.0,847.0,1867,324
295,2013-00-07/07/13,326,347,12,-72.0,848.0,1867,325
296,2013-00-07/08/13,327,347,12,-74.0,848.0,1867,326
293,2013-00-07/09/13,328,348,12,-75.0,847.0,1867,327
298,2013-00-07/10/13,329,348,12,-74.0,847.0,1867,328
297,2013-00-07/11/13,330,349,12,-75.0,848.0,1867,329
303,2013-00-07/12/13,331,349,12,-74.0,848.0,1867,330
300,2013-00-07/13/13,332,350,12,-76.0,849.0,1867,331
299,2013-00-07/14/13,333,350,12,-75.0,849.0,1867,332
301,2013-00-07/15/13,334,351,12,-74.0,852.0,1867,333
302,2013-00-07/16/13,335,352,12,-76.0,852.0,1867,334
305,2013-00-07/17/13,336,352,12,-76.0,852.0,1867,335
304,2013-00-07/18/13,337,353,12,-75.0,853.0,1867,336
306,2013-00-07/19/13,338,353,12,-78.0,848.0,1867,337
308,2013-00-07/20/13,339,354,12,-76.0,849.0,1867,338
307,2013-00-07/21/13,340,354,12,-76.0,851.0,1867,339
310,2013-00-07/22/13,341,355,12,-77.0,852.0,1867,340
309,2013-00-07/23/13,342,355,12,-76.0,851.0,1867,341
311,2013-00-07/24/13,343,356,12,-77.0,850.0,1867,342
317,2013-00-07/25/13,344,356,12,-77.0,851.0,1867,343
312,2013-00-07/26/13,345,357,12,-77.0,853.0,1867,344
314,2013-00-07/27/13,346,357,12,-76.0,853.0,1867,345
313,2013-00-07/28/13,347,358,12,-77.0,851.0,1867,346
315,2013-00-07/29/13,348,358,12,-74.0,850.0,1867,347
316,2013-00-07/30/13,349,359,12,-75.0,852.0,1867,348
318,2013-00-07/31/13,350,359,12,-76.0,853.0,1867,349
320,2013-00-08/01/13,351,0,1,-75.0,853.0,1867,350
319,2013-00-08/02/13,352,0,1,-77.0,854.0,1867,351
323,2013-00-08/03/13,353,1,1,-75.0,855.0,1867,352
322,2013-00-08/04/13,354,1,1,-75.0,857.0,1867,353
321,2013-00-08/05/13,355,2,1,-75.0,857.0,1867,354
324,2013-00-08/06/13,356,2,1,-77.0,856.0,1867,355
325,2013-00-08/07/13,357,3,1,-76.0,857.0,1867,356
326,2013-00-08/17/13,366,7,1,-76.0,861.0,1867,366
328,2013-00-08/18/13,367,8,1,-76.0,862.0,1867,367
330,2013-00-08/19/13,368,8,1,-77.0,863.0,1867,368
331,2013-00-08/20/13,369,9,1,-75.0,865.0,1867,369
332,2013-00-08/21/13,370,9,1,-79.0,865.0,1867,370
333,2013-00-08/22/13,371,10,1,-77.0,865.0,1867,371
334,2013-00-08/23/13,372,10,1,-76.0,866.0,1867,372
335,2013-00-08/24/13,373,11,1,-79.0,866.0,1867,373
337,2013-00-08/25/13,374,11,1,-79.0,866.0,1867,374
336,2013-00-08/26/13,375,12,1,-77.0,867.0,1867,375
340,2013-00-08/27/13,376,12,1,-78.0,870.0,1867,376
338,2013-00-08/28/13,377,13,1,-78.0,870.0,1867,377
339,2013-00-08/29/13,378,13,1,-78.0,869.0,1867,378
341,2013-00-08/30/13,379,14,1,-79.0,870.0,1867,379
343,2013-00-08/31/13,380,14,1,-79.0,870.0,1867,380
345,2013-00-09/01/13,381,15,1,-79.0,871.0,1867,381
344,2013-00-09/02/13,382,15,1,-76.0,872.0,1867,382
342,2013-00-09/03/13,383,16,1,-77.0,874.0,1867,383
346,2013-00-09/04/13,384,16,1,-77.0,875.0,1867,384
351,2013-00-09/05/13,385,17,1,-78.0,874.0,1867,385
347,2013-00-09/06/13,386,17,1,-77.0,873.0,1867,386
349,2013-00-09/07/13,387,18,1,-78.0,874.0,1867,387
350,2013-00-09/08/13,388,18,1,-79.0,875.0,1867,388
348,2013-00-09/09/13,389,19,1,-79.0,875.0,1867,389
352,2013-00-09/10/13,390,19,1,-78.0,875.0,1867,390
353,2013-00-09/11/13,391,20,1,-78.0,875.0,1867,391
354,2013-00-09/12/13,392,20,1,-77.0,876.0,1867,392
355,2013-00-09/13/13,393,21,1,-76.0,877.0,1867,393
356,2013-00-09/14/13,394,21,1,-79.0,878.0,1867,394
357,2013-00-09/15/13,395,22,1,-77.0,878.0,1867,395
358,2013-00-09/16/13,396,22,1,-78.0,879.0,1867,396
359,2013-00-09/18/13,397,23,1,-75.0,880.0,1867,398
360,2013-00-09/19/13,398,23,1,-79.0,880.0,1867,399
361,2013-00-09/20/13,399,24,1,-79.0,881.0,1867,400
363,2013-00-09/21/13,400,24,1,-79.0,881.0,1867,401
362,2013-00-09/22/13,401,25,1,-79.0,882.0,1867,402
365,2013-00-09/23/13,402,25,1,-78.0,883.0,1867,403
364,2013-00-09/24/13,403,25,1,-80.0,883.0,1867,404
367,2013-00-09/25/13,404,26,1,-78.0,884.0,1867,405
366,2013-00-09/26/13,405,26,1,-82.0,885.0,1867,406
374,2013-00-09/27/13,406,27,1,-81.0,886.0,1867,407
370,2013-00-09/28/13,407,27,1,-81.0,887.0,1867,408
369,2013-00-09/29/13,408,28,1,-80.0,887.0,1867,409
368,2013-00-09/30/13,409,28,1,-81.0,887.0,1867,410
373,2013-00-10/01/13,410,29,1,-81.0,888.0,1867,411
372,2013-00-10/02/13,411,29,1,-82.0,887.0,1867,412
371,2013-00-10/03/13,412,30,2,-80.0,888.0,1867,413
376,2013-00-10/04/13,413,30,2,-82.0,888.0,1867,414
375,2013-00-10/05/13,414,31,2,-79.0,889.0,1867,415
377,2013-00-10/06/13,415,31,2,-82.0,890.0,1867,416
378,2013-00-10/07/13,416,32,2,-79.0,889.0,1867,417
379,2013-00-10/08/13,417,32,2,-82.0,890.0,1867,418
380,2013-00-10/09/13,418,33,2,-79.0,891.0,1867,419
381,2013-00-10/10/13,419,33,2,-82.0,891.0,1867,420
385,2013-00-10/11/13,420,33,2,-80.0,892.0,1867,421
382,2013-00-10/12/13,421,34,2,-81.0,890.0,1867,422
384,2013-00-10/13/13,422,34,2,-82.0,891.0,1867,423
383,2013-00-10/14/13,423,35,2,-81.0,892.0,1867,424
386,2013-00-10/15/13,424,35,2,-81.0,893.0,1867,425
393,2013-00-10/16/13,425,36,2,-81.0,893.0,1867,426
388,2013-00-10/17/13,426,36,2,-79.0,893.0,1867,427
392,2013-00-10/18/13,427,37,2,-81.0,893.0,1867,428
391,2013-00-10/19/13,428,37,2,-81.0,894.0,1867,429
387,2013-00-10/20/13,429,38,2,-82.0,895.0,1867,430
390,2013-00-10/21/13,430,38,2,-82.0,896.0,1867,431
389,2013-00-10/22/13,431,39,2,-83.0,895.0,1867,432
395,2013-00-10/23/13,432,39,2,-80.0,896.0,1867,433
394,2013-00-10/24/13,433,40,2,-81.0,895.0,1867,434
397,2013-00-10/26/13,434,40,2,-80.0,896.0,1867,436
396,2013-00-10/27/13,435,40,2,-81.0,896.0,1867,437
398,2013-00-10/28/13,436,41,2,-81.0,897.0,1867,438
399,2013-00-10/29/13,437,41,2,-82.0,898.0,1867,439
400,2013-00-10/30/13,438,42,2,-79.0,899.0,1867,440
401,2013-00-10/31/13,439,42,2,-80.0,899.0,1867,441
404,2013-00-11/01/13,440,43,2,-80.0,899.0,1867,442
402,2013-00-11/02/13,441,43,2,-81.0,900.0,1867,443
405,2013-00-11/03/13,442,44,2,-80.0,900.0,1867,444
403,2013-00-11/04/13,443,44,2,-81.0,901.0,1867,445
407,2013-00-11/16/13,455,50,2,-84.0,905.0,1867,457
406,2013-00-11/17/13,456,50,2,-83.0,905.0,1867,458
409,2013-00-11/24/13,463,53,2,-86.0,906.0,1867,465
410,2013-00-11/25/13,464,54,2,-84.0,906.0,1867,466
412,2013-00-11/26/13,465,54,2,-85.0,906.0,1867,467
415,2013-00-11/27/13,466,55,2,-85.0,907.0,1867,468
411,2013-00-11/28/13,467,55,2,-84.0,907.0,1867,469
414,2013-00-11/29/13,468,55,2,-85.0,907.0,1867,470
413,2013-00-11/30/13,469,56,2,-85.0,908.0,1867,471
475,2013-00-12/02/13,470,56,2,-85.0,907.0,1867,473
479,2013-00-12/03/13,471,57,2,-84.0,906.0,1867,474
416,2013-00-12/04/13,472,57,2,-84.0,907.0,1867,475
417,2013-00-12/05/13,473,58,2,-86.0,907.0,1867,476
420,2013-00-12/06/13,474,58,2,-84.0,906.0,1867,477
419,2013-00-12/07/13,475,59,2,-85.0,906.0,1867,478
418,2013-00-12/08/13,476,59,2,-85.0,906.0,1867,479
421,2013-00-12/09/13,477,60,3,-85.0,907.0,1867,480
422,2013-00-12/18/13,486,64,3,-84.0,904.0,1867,489
473,2013-00-12/19/13,487,64,3,-85.0,904.0,1867,490
480,2013-00-12/20/13,488,64,3,-87.0,903.0,1867,491
423,2013-00-12/21/13,489,65,3,-85.0,904.0,1867,492
434,2013-00-12/22/13,490,65,3,-87.0,903.0,1867,493
433,2013-00-12/23/13,491,66,3,-86.0,903.0,1867,494
427,2013-00-12/24/13,492,66,3,-86.0,903.0,1867,495
426,2013-00-12/25/13,493,67,3,-84.0,902.0,1867,496
429,2013-00-12/26/13,494,67,3,-85.0,902.0,1867,497
431,2013-00-12/27/13,495,68,3,-86.0,900.0,1867,498
428,2013-00-12/28/13,496,68,3,-85.0,901.0,1867,499
425,2013-00-12/29/13,497,69,3,-86.0,901.0,1867,500
424,2013-00-12/30/13,498,69,3,-86.0,901.0,1867,501
432,2013-00-12/31/13,499,69,3,-84.0,899.0,1867,502
430,2014-00-01/01/14,500,70,3,-85.0,897.0,1867,503
435,2014-00-01/02/14,501,70,3,-86.0,898.0,1867,504
437,2014-00-01/03/14,502,71,3,-87.0,898.0,1867,505
483,2014-00-01/04/14,503,71,3,-86.0,897.0,1867,506
436,2014-00-01/05/14,504,72,3,-85.0,895.0,1867,507
438,2014-00-01/06/14,505,72,3,-85.0,895.0,1867,508
439,2014-00-01/08/14,506,73,3,-86.0,894.0,1867,510
440,2014-00-01/09/14,507,73,3,-85.0,894.0,1867,511
442,2014-00-01/10/14,508,73,3,-83.0,893.0,1867,512
443,2014-00-01/11/14,509,74,3,-86.0,895.0,1867,513
441,2014-00-01/12/14,510,74,3,-85.0,892.0,1867,514
446,2014-00-01/13/14,511,75,3,-85.0,892.0,1867,515
444,2014-00-01/14/14,512,75,3,-86.0,890.0,1867,516
445,2014-00-01/15/14,513,76,3,-86.0,889.0,1867,517
447,2014-00-01/16/14,514,76,3,-86.0,888.0,1867,518
450,2014-00-01/17/14,515,77,3,-86.0,888.0,1867,519
449,2014-00-01/18/14,516,77,3,-86.0,888.0,1867,520
448,2014-00-01/19/14,517,77,3,-86.0,885.0,1867,521
451,2014-00-01/20/14,518,78,3,-85.0,885.0,1867,522
452,2014-00-01/21/14,519,78,3,-86.0,884.0,1867,523
453,2014-00-01/22/14,520,79,3,-86.0,884.0,1867,524
454,2014-00-01/23/14,521,79,3,-87.0,882.0,1867,525
455,2014-00-01/24/14,522,80,3,-85.0,881.0,1867,526
458,2014-00-01/25/14,523,80,3,-85.0,881.0,1867,527
457,2014-00-01/26/14,524,81,3,-85.0,880.0,1867,528
456,2014-00-01/27/14,525,81,3,-87.0,878.0,1867,529
459,2014-00-01/28/14,526,82,3,-87.0,878.0,1867,530
460,2014-00-01/29/14,527,82,3,-86.0,877.0,1867,531
461,2014-00-01/30/14,528,82,3,-86.0,876.0,1867,532
462,2014-00-01/31/14,529,83,3,-87.0,875.0,1867,533
463,2014-00-02/01/14,530,83,3,-87.0,873.0,1867,534
465,2014-00-02/02/14,531,84,3,-87.0,872.0,1867,535
464,2014-00-02/03/14,532,84,3,-88.0,872.0,1867,536
466,2014-00-02/04/14,533,85,3,-87.0,871.0,1867,537
467,2014-00-02/05/14,534,85,3,-86.0,869.0,1867,538
468,2014-00-02/06/14,535,86,3,-88.0,868.0,1867,539
470,2014-00-02/07/14,536,86,3,-83.0,867.0,1867,540
469,2014-00-02/08/14,537,86,3,-83.0,865.0,1867,541
472,2014-00-02/09/14,538,87,3,-85.0,865.0,1867,542
476,2014-00-02/10/14,539,87,3,-85.0,864.0,1867,543
481,2014-00-02/11/14,540,88,3,-84.0,862.0,1867,544
482,2014-00-02/12/14,541,88,3,-84.0,861.0,1867,545
477,2014-00-02/13/14,542,89,3,-85.0,859.0,1867,546
486,2014-00-02/15/14,543,89,3,-84.0,858.0,1867,548
487,2014-00-02/16/14,544,90,4,-86.0,857.0,1867,549
490,2014-00-02/17/14,545,90,4,-85.0,856.0,1867,550
489,2014-00-02/18/14,546,91,4,-85.0,855.0,1867,551
488,2014-00-02/19/14,547,91,4,-85.0,853.0,1867,552
491,2014-00-02/20/14,548,91,4,-86.0,852.0,1867,553
492,2014-00-02/21/14,549,92,4,-87.0,851.0,1867,554
494,2014-00-02/22/14,550,92,4,-85.0,850.0,1867,555
495,2014-00-02/23/14,551,93,4,-85.0,848.0,1867,556
493,2014-00-02/24/14,552,93,4,-86.0,847.0,1867,557
496,2014-00-02/25/14,553,94,4,-84.0,845.0,1867,558
497,2014-00-02/26/14,554,94,4,-84.0,843.0,1867,559
499,2014-00-02/27/14,555,95,4,-85.0,843.0,1867,560
501,2014-00-02/28/14,556,95,4,-85.0,842.0,1867,561
498,2014-00-03/01/14,557,96,4,-85.0,840.0,1867,562
500,2014-00-03/02/14,558,96,4,-85.0,839.0,1867,563
502,2014-00-03/03/14,559,96,4,-85.0,838.0,1867,564
503,2014-00-03/04/14,560,97,4,-86.0,836.0,1867,565
504,2014-00-03/05/14,561,97,4,-85.0,835.0,1867,566
506,2014-00-03/06/14,562,98,4,-85.0,834.0,1867,567
505,2014-00-03/07/14,563,98,4,-87.0,833.0,1867,568
509,2014-00-03/08/14,564,99,4,-86.0,831.0,1867,569
508,2014-00-03/09/14,565,99,4,-85.0,830.0,1867,570
507,2014-00-03/10/14,566,100,4,-86.0,829.0,1867,571
510,2014-00-03/11/14,567,100,4,-86.0,827.0,1867,572
511,2014-00-03/12/14,568,101,4,-86.0,825.0,1867,573
512,2014-00-03/13/14,569,101,4,-85.0,825.0,1867,574
513,2014-00-03/14/14,570,102,4,-84.0,823.0,1867,575
515,2014-00-03/15/14,571,102,4,-84.0,821.0,1867,576
514,2014-00-03/16/14,572,102,4,-85.0,820.0,1867,577
516,2014-00-03/17/14,573,103,4,-84.0,819.0,1867,578
517,2014-00-03/18/14,574,103,4,-85.0,817.0,1867,579
518,2014-00-03/19/14,575,104,4,-82.0,816.0,1867,580
520,2014-00-03/20/14,576,104,4,-84.0,815.0,1867,581
519,2014-00-03/21/14,577,105,4,-84.0,813.0,1867,582
521,2014-00-03/22/14,578,105,4,-83.0,812.0,1867,583
522,2014-00-03/24/14,579,106,4,-82.0,811.0,1867,585
523,2014-00-03/25/14,580,106,4,-83.0,810.0,1867,586
524,2014-00-03/26/14,581,107,4,-84.0,808.0,1867,587
525,2014-00-03/27/14,582,107,4,-84.0,807.0,1867,588
526,2014-00-03/28/14,583,108,4,-82.0,806.0,1867,589
528,2014-00-03/29/14,584,108,4,-82.0,804.0,1867,590
527,2014-00-03/30/14,585,109,4,-83.0,802.0,1867,591
529,2014-00-03/31/14,586,109,4,-82.0,802.0,1867,592
530,2014-00-04/01/14,587,109,4,-85.0,801.0,1867,593
532,2014-00-04/02/14,588,110,4,-84.0,799.0,1867,594
531,2014-00-04/03/14,589,110,4,-85.0,798.0,1867,595
535,2014-00-04/04/14,590,111,4,-82.0,797.0,1867,596
533,2014-00-04/05/14,591,111,4,-82.0,795.0,1867,597
534,2014-00-04/06/14,592,112,4,-83.0,795.0,1867,598
536,2014-00-04/07/14,593,112,4,-83.0,795.0,1867,599
537,2014-00-04/08/14,594,113,4,-83.0,793.0,1867,600
538,2014-00-04/09/14,595,113,4,-83.0,792.0,1867,601
539,2014-00-04/10/14,596,114,4,-82.0,791.0,1867,602
540,2014-00-04/11/14,597,114,4,-84.0,790.0,1867,603
542,2014-00-04/12/14,598,115,4,-84.0,787.0,1867,604
543,2014-00-04/13/14,599,115,4,-84.0,788.0,1867,605
541,2014-00-04/14/14,600,116,4,-81.0,787.0,1867,606
544,2014-00-04/15/14,601,116,4,-82.0,785.0,1867,607
545,2014-00-04/16/14,602,117,4,-82.0,784.0,1867,608
548,2014-00-04/17/14,603,117,4,-83.0,783.0,1867,609
546,2014-00-04/18/14,604,118,4,-84.0,782.0,1867,610
547,2014-00-04/19/14,605,118,4,-83.0,781.0,1867,611
549,2014-00-04/20/14,606,118,4,-84.0,780.0,1867,612
550,2014-00-04/21/14,607,119,4,-83.0,779.0,1867,613
551,2014-00-04/22/14,608,119,4,-85.0,777.0,1867,614
552,2014-00-04/23/14,609,120,5,-84.0,777.0,1867,615
554,2014-00-04/24/14,610,120,5,-85.0,776.0,1867,616
555,2014-00-04/25/14,611,121,5,-84.0,775.0,1867,617
553,2014-00-04/26/14,612,121,5,-85.0,774.0,1867,618
556,2014-00-04/27/14,613,122,5,-84.0,773.0,1867,619
557,2014-00-04/28/14,614,122,5,-82.0,772.0,1867,620
558,2014-00-04/29/14,615,123,5,-83.0,771.0,1867,621
559,2014-00-05/01/14,616,123,5,-82.0,769.0,1867,623
561,2014-00-05/02/14,617,124,5,-84.0,769.0,1867,624
562,2014-00-05/03/14,618,124,5,-83.0,769.0,1867,625
560,2014-00-05/04/14,619,125,5,-82.0,766.0,1867,626
563,2014-00-05/05/14,620,125,5,-83.0,765.0,1867,627
564,2014-00-05/06/14,621,126,5,-82.0,765.0,1867,628
565,2014-00-05/07/14,622,126,5,-84.0,763.0,1867,629
566,2014-00-05/08/14,623,127,5,-83.0,763.0,1867,630
568,2014-00-05/09/14,624,127,5,-82.0,762.0,1867,631
569,2014-00-05/10/14,625,128,5,-81.0,761.0,1867,632
567,2014-00-05/11/14,626,128,5,-82.0,760.0,1867,633
570,2014-00-05/12/14,627,129,5,-82.0,759.0,1867,634
571,2014-00-05/13/14,628,129,5,-81.0,759.0,1867,635
572,2014-00-05/14/14,629,130,5,-84.0,759.0,1867,636
573,2014-00-05/15/14,630,130,5,-82.0,757.0,1867,637
576,2014-00-05/16/14,631,131,5,-81.0,756.0,1867,638
575,2014-00-05/17/14,632,131,5,-79.0,755.0,1867,639
574,2014-00-05/18/14,633,132,5,-81.0,754.0,1867,640
577,2014-00-05/19/14,634,132,5,-82.0,753.0,1867,641
578,2014-00-05/20/14,635,133,5,-82.0,754.0,1867,642
582,2014-00-05/21/14,636,133,5,-81.0,752.0,1867,643
580,2014-00-05/22/14,637,134,5,-80.0,752.0,1867,644
579,2014-00-05/23/14,638,134,5,-80.0,751.0,1867,645
581,2014-00-05/24/14,639,135,5,-80.0,750.0,1867,646
583,2014-00-05/25/14,640,135,5,-81.0,750.0,1867,647
584,2014-00-05/26/14,641,136,5,-81.0,749.0,1867,648
585,2014-00-05/27/14,642,136,5,-80.0,749.0,1867,649
586,2014-00-05/28/14,643,137,5,-80.0,748.0,1867,650
588,2014-00-05/29/14,644,137,5,-80.0,748.0,1867,651
589,2014-00-05/30/14,645,138,5,-81.0,746.0,1867,652
587,2014-00-05/31/14,646,138,5,-81.0,746.0,1867,653
590,2014-00-06/01/14,647,139,5,-79.0,746.0,1867,654
591,2014-00-06/02/14,648,139,5,-80.0,746.0,1867,655
592,2014-00-06/03/14,649,140,5,-79.0,745.0,1867,656
593,2014-00-06/04/14,650,140,5,-80.0,743.0,1867,657
595,2014-00-06/05/14,651,141,5,-80.0,743.0,1867,658
594,2014-00-06/07/14,652,141,5,-79.0,745.0,1867,660
596,2014-00-06/08/14,653,142,5,-80.0,744.0,1867,661
597,2014-00-06/09/14,654,142,5,-79.0,742.0,1867,662
598,2014-00-06/10/14,655,143,5,-77.0,741.0,1867,663
599,2014-00-06/11/14,656,143,5,-80.0,740.0,1867,664
600,2014-00-06/12/14,657,144,5,-79.0,739.0,1867,665
602,2014-00-06/13/14,658,144,5,-79.0,739.0,1867,666
603,2014-00-06/14/14,659,145,5,-77.0,738.0,1867,667
601,2014-00-06/15/14,660,145,5,-78.0,735.0,1867,668
604,2014-00-06/16/14,661,146,5,-76.0,735.0,1867,669
605,2014-00-06/17/14,662,146,5,-77.0,735.0,1867,670
609,2014-00-06/18/14,663,147,5,-77.0,734.0,1867,671
607,2014-00-06/19/14,664,147,5,-78.0,732.0,1867,672
610,2014-00-06/20/14,665,148,5,-78.0,735.0,1867,673
608,2014-00-06/21/14,666,148,5,-77.0,736.0,1867,674
606,2014-00-06/22/14,667,149,5,-76.0,736.0,1867,675
611,2014-00-06/23/14,668,150,6,-75.0,734.0,1867,676
613,2014-00-06/24/14,669,150,6,-84.0,735.0,1867,677
612,2014-00-06/25/14,670,151,6,-79.0,737.0,1867,678
614,2014-00-06/26/14,671,151,6,-79.0,740.0,1867,679
615,2014-00-06/27/14,672,152,6,-78.0,739.0,1867,680
616,2014-00-06/28/14,673,152,6,-78.0,738.0,1867,681
617,2014-00-06/29/14,674,153,6,-80.0,739.0,1867,682
618,2014-00-06/30/14,675,153,6,-80.0,740.0,1867,683
619,2014-00-07/01/14,676,154,6,-80.0,738.0,1867,684
622,2014-00-07/02/14,677,154,6,-78.0,737.0,1867,685
621,2014-00-07/03/14,678,155,6,-77.0,739.0,1867,686
624,2014-00-07/04/14,679,155,6,-77.0,738.0,1867,687
620,2014-00-07/05/14,680,156,6,-76.0,740.0,1867,688
623,2014-00-07/06/14,681,156,6,-79.0,738.0,1867,689
625,2014-00-07/07/14,682,157,6,-77.0,739.0,1867,690
626,2014-00-07/08/14,683,158,6,-79.0,741.0,1867,691
627,2014-00-07/09/14,684,158,6,-75.0,741.0,1867,692
628,2014-00-07/10/14,685,159,6,-77.0,740.0,1867,693
629,2014-00-07/11/14,686,159,6,-76.0,738.0,1867,694
630,2014-00-07/12/14,687,160,6,-77.0,739.0,1867,695
631,2014-00-07/14/14,688,160,6,-77.0,741.0,1867,697
632,2014-00-07/15/14,689,161,6,-76.0,742.0,1867,698
633,2014-00-07/16/14,690,161,6,-77.0,741.0,1867,699
634,2014-00-07/17/14,691,162,6,-76.0,741.0,1867,700
637,2014-00-07/18/14,692,162,6,-76.0,742.0,1867,701
636,2014-00-07/19/14,693,163,6,-76.0,741.0,1867,702
635,2014-00-07/20/14,694,164,6,-75.0,740.0,1867,703
638,2014-00-07/21/14,695,164,6,-76.0,741.0,1867,704
639,2014-00-07/22/14,696,165,6,-75.0,743.0,1867,705
640,2014-00-07/23/14,697,165,6,-74.0,743.0,1867,706
641,2014-00-07/24/14,698,166,6,-77.0,743.0,1867,707
642,2014-00-07/25/14,699,166,6,-76.0,744.0,1867,708
643,2014-00-07/26/14,700,167,6,-75.0,745.0,1867,709
644,2014-00-07/27/14,701,167,6,-77.0,745.0,1867,710
645,2014-00-07/28/14,702,168,6,-76.0,745.0,1867,711
646,2014-00-07/29/14,703,169,6,-75.0,747.0,1867,712
647,2014-00-07/30/14,704,169,6,-75.0,747.0,1867,713
648,2014-00-07/31/14,705,170,6,-76.0,746.0,1867,714
650,2014-00-08/01/14,706,170,6,-76.0,748.0,1867,715
651,2014-00-08/02/14,707,171,6,-76.0,749.0,1867,716
649,2014-00-08/03/14,708,171,6,-76.0,749.0,1867,717
652,2014-00-08/04/14,709,172,6,-73.0,750.0,1867,718
653,2014-00-08/05/14,710,172,6,-77.0,751.0,1867,719
654,2014-00-08/06/14,711,173,6,-75.0,751.0,1867,720
658,2014-00-08/07/14,712,174,6,-77.0,752.0,1867,721
656,2014-00-08/08/14,713,174,6,-76.0,754.0,1867,722
655,2014-00-08/09/14,714,175,6,-76.0,754.0,1867,723
657,2014-00-08/10/14,715,175,6,-73.0,755.0,1867,724
659,2014-00-08/11/14,716,176,6,-75.0,755.0,1867,725
661,2014-00-08/12/14,717,176,6,-76.0,756.0,1867,726
660,2014-00-08/13/14,718,177,6,-77.0,757.0,1867,727
662,2014-00-08/14/14,719,178,6,-77.0,758.0,1867,728
663,2014-00-08/15/14,720,178,6,-74.0,760.0,1867,729
664,2014-00-08/16/14,721,179,6,-73.0,761.0,1867,730
665,2014-00-08/17/14,722,179,6,-74.0,760.0,1867,731
666,2014-00-08/18/14,723,180,7,-73.0,761.0,1867,732
667,2014-00-08/19/14,724,181,7,-74.0,763.0,1867,733
669,2014-00-08/21/14,725,181,7,-73.0,764.0,1867,735
668,2014-00-08/22/14,726,182,7,-75.0,766.0,1867,736
671,2014-00-08/23/14,727,182,7,-76.0,766.0,1867,737
670,2014-00-08/24/14,728,183,7,-74.0,766.0,1867,738
672,2014-00-08/25/14,729,183,7,-75.0,768.0,1867,739
676,2014-00-08/26/14,730,184,7,-76.0,770.0,1867,740
673,2014-00-08/27/14,731,185,7,-75.0,771.0,1867,741
677,2014-00-08/28/14,732,185,7,-75.0,773.0,1867,742
674,2014-00-08/29/14,733,186,7,-74.0,773.0,1867,743
675,2014-00-08/30/14,734,186,7,-73.0,776.0,1867,744
678,2014-00-08/31/14,735,187,7,-73.0,776.0,1867,745
679,2014-00-09/01/14,736,188,7,-76.0,776.0,1867,746
680,2014-00-09/02/14,737,188,7,-74.0,777.0,1867,747
681,2014-00-09/03/14,738,189,7,-75.0,778.0,1867,748
682,2014-00-09/04/14,739,189,7,-77.0,779.0,1867,749
685,2014-00-09/05/14,740,190,7,-76.0,782.0,1867,750
683,2014-00-09/06/14,741,191,7,-70.0,784.0,1867,751
684,2014-00-09/07/14,742,191,7,-72.0,784.0,1867,752
686,2014-00-09/08/14,743,192,7,-72.0,786.0,1867,753
687,2014-00-09/09/14,744,192,7,-75.0,786.0,1867,754
689,2014-00-09/10/14,745,193,7,-74.0,787.0,1867,755
688,2014-00-09/11/14,746,194,7,-76.0,788.0,1867,756
691,2014-00-09/12/14,747,194,7,-73.0,789.0,1867,757
690,2014-00-09/13/14,748,195,7,-71.0,791.0,1867,758
692,2014-00-09/14/14,749,195,7,-73.0,794.0,1867,759
693,2014-00-09/15/14,750,196,7,-72.0,796.0,1867,760
695,2014-00-09/16/14,751,197,7,-72.0,797.0,1867,761
694,2014-00-09/17/14,752,197,7,-71.0,798.0,1867,762
698,2014-00-09/18/14,753,198,7,-73.0,800.0,1867,763
696,2014-00-09/19/14,754,198,7,-73.0,802.0,1867,764
697,2014-00-09/20/14,755,199,7,-74.0,806.0,1867,765
699,2014-00-09/21/14,756,200,7,-73.0,806.0,1867,766
700,2014-00-09/22/14,757,200,7,-73.0,807.0,1867,767
701,2014-00-09/23/14,758,201,7,-71.0,810.0,1867,768
702,2014-00-09/24/14,759,201,7,-77.0,809.0,1867,769
704,2014-00-09/25/14,760,202,7,-70.0,810.0,1867,770
705,2014-00-09/27/14,761,203,7,-72.0,814.0,1867,772
703,2014-00-09/28/14,762,203,7,-75.0,814.0,1867,773
706,2014-00-09/29/14,763,204,7,-78.0,817.0,1867,774
707,2014-00-09/30/14,764,205,7,-73.0,821.0,1867,775
708,2014-00-10/01/14,765,205,7,-73.0,820.0,1867,776
709,2014-00-10/02/14,766,206,7,-70.0,824.0,1867,777
710,2014-00-10/03/14,767,206,7,-71.0,824.0,1867,778
712,2014-00-10/04/14,768,207,7,-73.0,826.0,1867,779
711,2014-00-10/05/14,769,208,7,-73.0,829.0,1867,780
713,2014-00-10/06/14,770,208,7,-70.0,829.0,1867,781
714,2014-00-10/07/14,771,209,7,-71.0,836.0,1867,782
715,2014-00-10/08/14,772,210,8,-71.0,835.0,1867,783
716,2014-00-10/09/14,773,210,8,-70.0,838.0,1867,784
719,2014-00-10/10/14,774,211,8,-73.0,838.0,1867,785
717,2014-00-10/11/14,775,211,8,-71.0,838.0,1867,786
718,2014-00-10/12/14,776,212,8,-72.0,841.0,1867,787
720,2014-00-10/13/14,777,213,8,-72.0,841.0,1867,788
721,2014-00-10/14/14,778,213,8,-70.0,846.0,1867,789
722,2014-00-10/15/14,779,214,8,-71.0,845.0,1867,790
723,2014-00-10/16/14,780,215,8,-72.0,852.0,1867,791
725,2014-00-10/17/14,781,215,8,-74.0,849.0,1867,792
724,2014-00-10/18/14,782,216,8,-71.0,854.0,1867,793
727,2014-00-10/19/14,783,216,8,-69.0,853.0,1867,794
726,2014-00-10/20/14,784,217,8,-69.0,857.0,1867,795
728,2014-00-10/21/14,785,218,8,-74.0,858.0,1867,796
729,2014-00-10/22/14,786,218,8,-74.0,861.0,1867,797
732,2014-00-10/23/14,787,219,8,-73.0,860.0,1867,798
731,2014-00-10/24/14,788,220,8,-68.0,862.0,1867,799
730,2014-00-10/25/14,789,220,8,-68.0,862.0,1867,800
733,2014-00-10/26/14,790,221,8,-68.0,864.0,1867,801
734,2014-00-10/27/14,791,222,8,-70.0,867.0,1867,802
735,2014-00-10/28/14,792,222,8,-71.0,873.0,1867,803
736,2014-00-10/29/14,793,223,8,-71.0,877.0,1867,804
739,2014-00-10/30/14,794,223,8,-68.0,874.0,1867,805
738,2014-00-10/31/14,795,224,8,-68.0,875.0,1867,806
737,2014-00-11/01/14,796,225,8,-65.0,877.0,1867,807
740,2014-00-11/03/14,797,225,8,-65.0,879.0,1867,809
741,2014-00-11/04/14,798,226,8,-67.0,883.0,1867,810
743,2014-00-11/05/14,799,227,8,-70.0,884.0,1867,811
742,2014-00-11/06/14,800,227,8,-67.0,884.0,1867,812
746,2014-00-11/07/14,801,228,8,-70.0,884.0,1867,813
745,2014-00-11/08/14,802,229,8,-69.0,887.0,1867,814
744,2014-00-11/09/14,803,229,8,-69.0,888.0,1867,815
747,2014-00-11/10/14,804,230,8,-73.0,891.0,1867,816
748,2014-00-11/11/14,805,231,8,-70.0,893.0,1867,817
750,2014-00-11/12/14,806,231,8,-69.0,893.0,1867,818
749,2014-00-11/13/14,807,232,8,-71.0,892.0,1867,819
752,2014-00-11/14/14,808,232,8,-67.0,893.0,1867,820
753,2014-00-11/15/14,809,233,8,-70.0,895.0,1867,821
751,2014-00-11/16/14,810,234,8,-69.0,897.0,1867,822
754,2014-00-11/17/14,811,234,8,-71.0,900.0,1867,823
755,2014-00-11/18/14,812,235,8,-75.0,902.0,1867,824
756,2014-00-11/19/14,813,236,8,-67.0,904.0,1867,825
757,2014-00-11/20/14,814,236,8,-68.0,902.0,1867,826
759,2014-00-11/21/14,815,237,8,-69.0,905.0,1867,827
758,2014-00-11/22/14,816,238,8,-74.0,909.0,1867,828
761,2014-00-11/23/14,817,238,8,-69.0,913.0,1867,829
760,2014-00-11/24/14,818,239,8,-68.0,914.0,1867,830
763,2014-00-11/25/14,819,240,9,-71.0,913.0,1867,831
765,2014-00-11/26/14,820,240,9,-68.0,910.0,1867,832
762,2014-00-11/27/14,821,241,9,-68.0,910.0,1867,833
764,2014-00-11/28/14,822,242,9,-71.0,911.0,1867,834
766,2014-00-11/29/14,823,242,9,-69.0,912.0,1867,835
768,2014-00-11/30/14,824,243,9,-67.0,914.0,1867,836
767,2014-00-12/01/14,825,243,9,-67.0,914.0,1867,837
770,2014-00-12/02/14,826,244,9,-68.0,914.0,1867,838
769,2014-00-12/03/14,827,245,9,-68.0,911.0,1867,839
771,2014-00-12/04/14,828,245,9,-71.0,914.0,1867,840
773,2014-00-12/05/14,829,246,9,-71.0,914.0,1867,841
772,2014-00-12/06/14,830,247,9,-68.0,918.0,1867,842
774,2014-00-12/07/14,831,247,9,-68.0,920.0,1867,843
775,2014-00-12/08/14,832,248,9,-68.0,924.0,1867,844
776,2014-00-12/09/14,833,249,9,-69.0,923.0,1867,845
777,2014-00-12/11/14,834,249,9,-68.0,918.0,1867,847
780,2014-00-12/12/14,835,250,9,-69.0,917.0,1867,848
778,2014-00-12/13/14,836,251,9,-69.0,916.0,1867,849
779,2014-00-12/14/14,837,251,9,-69.0,916.0,1867,850
782,2014-00-12/15/14,838,252,9,-69.0,917.0,1867,851
781,2014-00-12/16/14,839,253,9,-70.0,917.0,1867,852
783,2014-00-12/17/14,840,253,9,-74.0,913.0,1867,853
784,2014-00-12/18/14,841,254,9,-75.0,914.0,1867,854
790,2014-00-12/19/14,842,255,9,-69.0,914.0,1867,855
793,2014-00-12/20/14,843,255,9,-69.0,916.0,1867,856
788,2014-00-12/21/14,844,256,9,-68.0,917.0,1867,857
786,2014-00-12/22/14,845,257,9,-73.0,920.0,1867,858
785,2014-00-12/23/14,846,257,9,-74.0,925.0,1867,859
791,2014-00-12/24/14,847,258,9,-69.0,918.0,1867,860
792,2014-00-12/25/14,848,258,9,-69.0,918.0,1867,861
787,2014-00-12/26/14,849,259,9,-69.0,918.0,1867,862
789,2014-00-12/27/14,850,260,9,-68.0,918.0,1867,863
794,2014-00-12/28/14,851,260,9,-68.0,919.0,1867,864
797,2014-00-12/29/14,852,261,9,-73.0,916.0,1867,865
796,2014-00-12/30/14,853,262,9,-67.0,913.0,1867,866
798,2014-00-12/31/14,854,262,9,-66.0,910.0,1867,867
799,2015-00-01/01/15,855,263,9,-69.0,912.0,1867,868
795,2015-00-01/02/15,856,264,9,-68.0,912.0,1867,869
801,2015-00-01/03/15,857,264,9,-76.0,911.0,1867,870
800,2015-00-01/04/15,858,265,9,-73.0,913.0,1867,871
802,2015-00-01/05/15,859,266,9,-72.0,915.0,1867,872
803,2015-00-01/06/15,860,266,9,-69.0,916.0,1867,873
804,2015-00-01/07/15,861,267,9,-70.0,917.0,1867,874
807,2015-00-01/08/15,862,268,9,-70.0,917.0,1867,875
805,2015-00-01/09/15,863,268,9,-72.0,916.0,1867,876
806,2015-00-01/10/15,864,269,9,-70.0,914.0,1867,877
808,2015-00-01/11/15,865,270,10,-70.0,913.0,1867,878
809,2015-00-01/12/15,866,270,10,-71.0,911.0,1867,879
810,2015-00-01/13/15,867,271,10,-71.0,910.0,1867,880
811,2015-00-01/14/15,868,271,10,-71.0,908.0,1867,881
812,2015-00-01/15/15,869,272,10,-72.0,906.0,1867,882
813,2015-00-01/17/15,870,273,10,-74.0,909.0,1867,884
814,2015-00-01/18/15,871,273,10,-70.0,903.0,1867,885
815,2015-00-01/19/15,872,274,10,-72.0,902.0,1867,886
817,2015-00-01/28/15,881,280,10,-73.0,899.0,1867,895
818,2015-00-01/29/15,882,280,10,-76.0,901.0,1867,896
820,2015-00-01/30/15,883,281,10,-74.0,897.0,1867,897
821,2015-00-01/31/15,884,282,10,-71.0,897.0,1867,898
819,2015-00-02/01/15,885,282,10,-71.0,895.0,1867,899
823,2015-00-02/02/15,886,283,10,-73.0,894.0,1867,900
822,2015-00-02/03/15,887,284,10,-73.0,897.0,1867,901
824,2015-00-02/04/15,888,284,10,-70.0,896.0,1867,902
825,2015-00-02/05/15,889,285,10,-70.0,895.0,1867,903
826,2015-00-02/06/15,890,286,10,-72.0,892.0,1867,904
827,2015-00-02/07/15,891,286,10,-72.0,892.0,1867,905
828,2015-00-02/08/15,892,287,10,-71.0,892.0,1867,906
829,2015-00-02/09/15,893,287,10,-72.0,890.0,1867,907
830,2015-00-02/10/15,894,288,10,-75.0,891.0,1867,908
831,2015-00-02/11/15,895,289,10,-72.0,889.0,1867,909
833,2015-00-02/12/15,896,289,10,-70.0,888.0,1867,910
832,2015-00-02/13/15,897,290,10,-72.0,884.0,1867,911
834,2015-00-02/14/15,898,291,10,-72.0,883.0,1867,912
835,2015-00-02/15/15,899,291,10,-75.0,881.0,1867,913
836,2015-00-02/16/15,900,292,10,-70.0,883.0,1867,914
837,2015-00-02/17/15,901,292,10,-71.0,885.0,1867,915
838,2015-00-02/18/15,902,293,10,-68.0,883.0,1867,916
839,2015-00-02/19/15,903,294,10,-71.0,882.0,1867,917
841,2015-00-02/20/15,904,294,10,-71.0,878.0,1867,918
840,2015-00-02/21/15,905,295,10,-71.0,880.0,1867,919
843,2015-00-02/22/15,906,296,10,-76.0,878.0,1867,920
842,2015-00-02/24/15,907,296,10,-75.0,879.0,1867,922
844,2015-00-02/25/15,908,297,10,-71.0,883.0,1867,923
845,2015-00-02/26/15,909,297,10,-70.0,878.0,1867,924
847,2015-00-02/27/15,910,298,10,-73.0,878.0,1867,925
846,2015-00-02/28/15,911,299,10,-70.0,874.0,1867,926
849,2015-00-03/01/15,912,299,10,-75.0,875.0,1867,927
848,2015-00-03/02/15,913,300,11,-71.0,871.0,1867,928
850,2015-00-03/03/15,914,300,11,-71.0,874.0,1867,929
851,2015-00-03/04/15,915,301,11,-71.0,878.0,1867,930
852,2015-00-03/05/15,916,302,11,-71.0,872.0,1867,931
854,2015-00-03/06/15,917,302,11,-76.0,871.0,1867,932
853,2015-00-03/07/15,918,303,11,-71.0,867.0,1867,933
855,2015-00-03/08/15,919,304,11,-74.0,870.0,1867,934
856,2015-00-03/09/15,920,304,11,-72.0,868.0,1867,935
857,2015-00-03/10/15,921,305,11,-70.0,867.0,1867,936
858,2015-00-03/11/15,922,305,11,-73.0,870.0,1867,937
859,2015-00-03/12/15,923,306,11,-72.0,867.0,1867,938
861,2015-00-03/13/15,924,307,11,-74.0,867.0,1867,939
860,2015-00-03/14/15,925,307,11,-71.0,862.0,1867,940
862,2015-00-03/15/15,926,308,11,-76.0,864.0,1867,941
863,2015-00-03/16/15,927,308,11,-76.0,862.0,1867,942
864,2015-00-03/17/15,928,309,11,-72.0,862.0,1867,943
865,2015-00-03/18/15,929,310,11,-75.0,866.0,1867,944
868,2015-00-03/19/15,930,310,11,-75.0,865.0,1867,945
867,2015-00-03/20/15,931,311,11,-69.0,864.0,1867,946
866,2015-00-03/21/15,932,311,11,-71.0,859.0,1867,947
869,2015-00-03/22/15,933,312,11,-71.0,863.0,1867,948
870,2015-00-03/23/15,934,313,11,-73.0,858.0,1867,949
872,2015-00-03/24/15,935,313,11,-75.0,862.0,1867,950
871,2015-00-03/25/15,936,314,11,-72.0,865.0,1867,951
874,2015-00-03/26/15,937,314,11,-73.0,863.0,1867,952
876,2015-00-03/29/15,940,316,11,-73.0,861.0,1867,955
875,2015-00-03/30/15,941,317,11,-74.0,857.0,1867,956
880,2015-00-03/31/15,942,317,11,-74.0,857.0,1867,957
877,2015-00-04/02/15,943,318,11,-73.0,854.0,1867,959
878,2015-00-04/03/15,944,318,11,-70.0,852.0,1867,960
881,2015-00-04/04/15,945,319,11,-72.0,851.0,1867,961
879,2015-00-04/05/15,946,320,11,-77.0,850.0,1867,962
882,2015-00-04/06/15,947,320,11,-70.0,853.0,1867,963
883,2015-00-04/07/15,948,321,11,-73.0,854.0,1867,964
884,2015-00-04/08/15,949,321,11,-72.0,851.0,1867,965
885,2015-00-04/09/15,950,322,11,-73.0,850.0,1867,966
888,2015-00-04/10/15,951,323,11,-75.0,849.0,1867,967
886,2015-00-04/11/15,952,323,11,-69.0,847.0,1867,968
887,2015-00-04/12/15,953,324,11,-71.0,847.0,1867,969
889,2015-00-04/13/15,954,324,11,-73.0,847.0,1867,970
892,2015-00-04/17/15,958,327,11,-74.0,848.0,1867,974
891,2015-00-04/18/15,959,327,11,-78.0,846.0,1867,975
893,2015-00-04/19/15,960,328,11,-76.0,846.0,1867,976
895,2015-00-04/20/15,961,328,11,-71.0,849.0,1867,977
894,2015-00-04/21/15,962,329,11,-73.0,845.0,1867,978
896,2015-00-04/22/15,963,329,11,-71.0,850.0,1867,979
897,2015-00-04/23/15,964,330,12,-72.0,847.0,1867,980
898,2015-00-04/24/15,965,331,12,-75.0,847.0,1867,981
900,2015-00-04/25/15,966,331,12,-73.0,850.0,1867,982
899,2015-00-04/26/15,967,332,12,-74.0,844.0,1867,983
901,2015-00-04/27/15,968,332,12,-71.0,848.0,1867,984
902,2015-00-04/28/15,969,333,12,-72.0,844.0,1867,985
903,2015-00-04/29/15,970,333,12,-71.0,849.0,1867,986
906,2015-00-04/30/15,971,334,12,-71.0,848.0,1867,987
904,2015-00-05/01/15,972,334,12,-73.0,847.0,1867,988
905,2015-00-05/02/15,973,335,12,-72.0,844.0,1867,989
907,2015-00-05/03/15,974,336,12,-73.0,842.0,1867,990
908,2015-00-05/04/15,975,336,12,-73.0,843.0,1867,991
909,2015-00-05/05/15,976,337,12,-75.0,842.0,1867,992
910,2015-00-05/06/15,977,337,12,-75.0,841.0,1867,993
913,2015-00-05/07/15,978,338,12,-73.0,842.0,1867,994
912,2015-00-05/09/15,979,338,12,-79.0,841.0,1867,996
911,2015-00-05/10/15,980,339,12,-73.0,840.0,1867,997
914,2015-00-05/11/15,981,339,12,-73.0,841.0,1867,998
917,2015-00-05/12/15,982,340,12,-74.0,840.0,1867,999
916,2015-00-05/13/15,983,340,12,-76.0,840.0,1867,1000
915,2015-00-05/14/15,984,341,12,-74.0,840.0,1867,1001
918,2015-00-05/15/15,985,342,12,-78.0,840.0,1867,1002
919,2015-00-05/16/15,986,342,12,-74.0,840.0,1867,1003
920,2015-00-05/17/15,987,343,12,-74.0,839.0,1867,1004
922,2015-00-05/18/15,988,343,12,-75.0,840.0,1867,1005
921,2015-00-05/19/15,989,344,12,-74.0,841.0,1867,1006
923,2015-00-05/20/15,990,344,12,-76.0,839.0,1867,1007
926,2015-00-05/21/15,991,345,12,-73.0,840.0,1867,1008
924,2015-00-05/22/15,992,345,12,-73.0,842.0,1867,1009
927,2015-00-05/23/15,993,346,12,-73.0,840.0,1867,1010
925,2015-00-05/24/15,994,346,12,-79.0,842.0,1867,1011
929,2015-00-05/25/15,995,347,12,-74.0,842.0,1867,1012
928,2015-00-05/26/15,996,348,12,-72.0,842.0,1867,1013
930,2015-00-05/27/15,997,348,12,-74.0,843.0,1867,1014
931,2015-00-05/28/15,998,349,12,-73.0,842.0,1867,1015
932,2015-00-05/30/15,1000,350,12,-74.0,841.0,1867,1017
933,2015-00-05/31/15,1001,350,12,-79.0,843.0,1867,1018
936,2015-00-06/01/15,1002,351,12,-77.0,844.0,1867,1019
934,2015-00-06/02/15,1003,351,12,-74.0,843.0,1867,1020
935,2015-00-06/03/15,1004,352,12,-74.0,842.0,1867,1021
939,2015-00-06/04/15,1005,352,12,-75.0,843.0,1867,1022
941,2015-00-06/05/15,1006,353,12,-78.0,844.0,1867,1023
937,2015-00-06/06/15,1007,353,12,-79.0,845.0,1867,1024
940,2015-00-06/07/15,1008,354,12,-79.0,844.0,1867,1025
946,2015-00-06/08/15,1009,354,12,-75.0,845.0,1867,1026
947,2015-00-06/09/15,1010,355,12,-74.0,846.0,1867,1027
948,2015-00-06/10/15,1011,355,12,-78.0,845.0,1867,1028
949,2015-00-06/11/15,1012,356,12,-81.0,846.0,1867,1029
953,2015-00-06/12/15,1013,356,12,-80.0,846.0,1867,1030
950,2015-00-06/13/15,1014,357,12,-77.0,846.0,1867,1031
951,2015-00-06/14/15,1015,357,12,-75.0,847.0,1867,1032
952,2015-00-06/16/15,1016,358,12,-76.0,847.0,1867,1034
955,2015-00-06/17/15,1017,359,12,-78.0,850.0,1867,1035
956,2015-00-06/18/15,1018,359,12,-79.0,850.0,1867,1036
954,2015-00-06/19/15,1019,0,1,-81.0,849.0,1867,1037
938,2015-00-06/20/15,1020,0,1,-63.0,832.0,1867,1038
942,2015-00-06/21/15,1021,1,1,-76.0,850.0,1867,1039
944,2015-00-06/22/15,1022,1,1,-75.0,852.0,1867,1040
943,2015-00-06/23/15,1023,2,1,-76.0,851.0,1867,1041
945,2015-00-06/24/15,1024,2,1,-76.0,851.0,1867,1042
958,2015-00-06/25/15,1025,3,1,-74.0,851.0,1867,1043
957,2015-00-06/26/15,1026,3,1,-78.0,851.0,1867,1044
960,2015-00-06/28/15,1028,4,1,-75.0,853.0,1867,1046
959,2015-00-06/29/15,1029,5,1,-75.0,856.0,1867,1047
961,2015-00-06/30/15,1030,5,1,-77.0,855.0,1867,1048
963,2015-00-07/01/15,1031,6,1,-76.0,854.0,1867,1049
962,2015-00-07/02/15,1032,6,1,-74.0,854.0,1867,1050
965,2015-00-07/03/15,1033,7,1,-77.0,856.0,1867,1051
964,2015-00-07/04/15,1034,7,1,-76.0,859.0,1867,1052
966,2015-00-07/05/15,1035,8,1,-77.0,857.0,1867,1053
967,2015-00-07/06/15,1036,8,1,-76.0,856.0,1867,1054
968,2015-00-07/07/15,1037,9,1,-80.0,856.0,1867,1055
969,2015-00-07/08/15,1038,9,1,-76.0,858.0,1867,1056
970,2015-00-07/09/15,1039,10,1,-77.0,857.0,1867,1057
972,2015-00-07/10/15,1040,10,1,-77.0,858.0,1867,1058
971,2015-00-07/11/15,1041,11,1,-77.0,859.0,1867,1059
973,2015-00-07/12/15,1042,11,1,-76.0,859.0,1867,1060
974,2015-00-07/13/15,1043,12,1,-77.0,860.0,1867,1061
975,2015-00-07/14/15,1044,12,1,-79.0,860.0,1867,1062
978,2015-00-07/15/15,1045,13,1,-80.0,861.0,1867,1063
979,2015-00-07/16/15,1046,13,1,-77.0,862.0,1867,1064
977,2015-00-07/17/15,1047,14,1,-77.0,863.0,1867,1065
976,2015-00-07/18/15,1048,14,1,-78.0,864.0,1867,1066
980,2015-00-07/19/15,1049,15,1,-75.0,864.0,1867,1067
981,2015-00-07/20/15,1050,15,1,-76.0,863.0,1867,1068
983,2015-00-07/21/15,1051,16,1,-76.0,864.0,1867,1069
982,2015-00-07/23/15,1052,16,1,-78.0,865.0,1867,1071
984,2015-00-07/24/15,1053,17,1,-79.0,865.0,1867,1072
985,2015-00-07/25/15,1054,17,1,-77.0,867.0,1867,1073
987,2015-00-07/26/15,1055,17,1,-77.0,868.0,1867,1074
986,2015-00-07/27/15,1056,18,1,-76.0,868.0,1867,1075
988,2015-00-07/28/15,1057,18,1,-78.0,867.0,1867,1076
989,2015-00-07/29/15,1058,19,1,-78.0,868.0,1867,1077
990,2015-00-07/30/15,1059,19,1,-78.0,870.0,1867,1078
992,2015-00-07/31/15,1060,20,1,-78.0,870.0,1867,1079
993,2015-00-08/01/15,1061,20,1,-77.0,871.0,1867,1080
991,2015-00-08/02/15,1062,21,1,-77.0,871.0,1867,1081
994,2015-00-08/03/15,1063,21,1,-79.0,871.0,1867,1082
996,2015-00-08/04/15,1064,22,1,-77.0,871.0,1867,1083
995,2015-00-08/05/15,1065,22,1,-78.0,873.0,1867,1084
997,2015-00-08/06/15,1066,23,1,-78.0,875.0,1867,1085
998,2015-00-08/07/15,1067,23,1,-79.0,875.0,1867,1086
1000,2015-00-08/08/15,1068,24,1,-76.0,874.0,1867,1087
999,2015-00-08/09/15,1069,24,1,-77.0,876.0,1867,1088
1001,2015-00-08/10/15,1070,25,1,-80.0,877.0,1867,1089
1002,2015-00-08/11/15,1071,25,1,-78.0,878.0,1867,1090
1003,2015-00-08/12/15,1072,26,1,-78.0,879.0,1867,1091
1004,2015-00-08/13/15,1073,26,1,-82.0,879.0,1867,1092
1005,2015-00-08/14/15,1074,27,1,-77.0,878.0,1867,1093
1006,2015-00-08/15/15,1075,27,1,-77.0,879.0,1867,1094
1007,2015-00-08/16/15,1076,28,1,-81.0,880.0,1867,1095
1008,2015-00-08/17/15,1077,28,1,-79.0,880.0,1867,1096
1009,2015-00-08/18/15,1078,29,1,-80.0,881.0,1867,1097
1010,2015-00-08/19/15,1079,29,1,-80.0,882.0,1867,1098
1013,2015-00-08/20/15,1080,29,1,-77.0,882.0,1867,1099
1011,2015-00-08/21/15,1081,30,2,-77.0,882.0,1867,1100
1012,2015-00-08/22/15,1082,30,2,-79.0,882.0,1867,1101
1014,2015-00-08/23/15,1083,31,2,-80.0,883.0,1867,1102
1015,2015-00-08/24/15,1084,31,2,-78.0,885.0,1867,1103
1017,2015-00-08/25/15,1085,32,2,-79.0,886.0,1867,1104
1016,2015-00-08/26/15,1086,32,2,-77.0,885.0,1867,1105
1019,2015-00-08/27/15,1087,33,2,-78.0,885.0,1867,1106
1020,2015-00-08/29/15,1088,33,2,-77.0,885.0,1867,1108
1018,2015-00-08/30/15,1089,34,2,-76.0,885.0,1867,1109
1021,2015-00-08/31/15,1090,34,2,-78.0,886.0,1867,1110
1022,2015-00-09/01/15,1091,35,2,-77.0,886.0,1867,1111
1023,2015-00-09/02/15,1092,35,2,-79.0,886.0,1867,1112
1024,2015-00-09/03/15,1093,36,2,-77.0,887.0,1867,1113
1026,2015-00-09/04/15,1094,36,2,-80.0,888.0,1867,1114
1027,2015-00-09/05/15,1095,36,2,-79.0,888.0,1867,1115
1025,2015-00-09/06/15,1096,37,2,-79.0,888.0,1867,1116
1028,2015-00-09/07/15,1097,37,2,-78.0,889.0,1867,1117
1029,2015-00-09/08/15,1098,38,2,-77.0,890.0,1867,1118
1030,2015-00-09/09/15,1099,38,2,-78.0,891.0,1867,1119
1031,2015-00-09/10/15,1100,39,2,-79.0,890.0,1867,1120
1034,2015-00-09/11/15,1101,39,2,-80.0,891.0,1867,1121
1032,2015-00-09/12/15,1102,40,2,-84.0,892.0,1867,1122
1033,2015-00-09/13/15,1103,40,2,-81.0,893.0,1867,1123
1035,2015-00-09/14/15,1104,41,2,-79.0,893.0,1867,1124
1036,2015-00-09/15/15,1105,41,2,-78.0,892.0,1867,1125
1037,2015-00-09/16/15,1106,42,2,-82.0,893.0,1867,1126
1040,2015-00-09/17/15,1107,42,2,-79.0,893.0,1867,1127
1038,2015-00-09/18/15,1108,42,2,-78.0,895.0,1867,1128
1039,2015-00-09/19/15,1109,43,2,-82.0,895.0,1867,1129
1041,2015-00-09/20/15,1110,43,2,-81.0,895.0,1867,1130
1042,2015-00-09/21/15,1111,44,2,-79.0,896.0,1867,1131
1043,2015-00-09/22/15,1112,44,2,-80.0,895.0,1867,1132
1044,2015-00-09/23/15,1113,45,2,-79.0,895.0,1867,1133
1045,2015-00-09/24/15,1114,45,2,-79.0,896.0,1867,1134
1047,2015-00-09/25/15,1115,46,2,-80.0,897.0,1867,1135
1046,2015-00-09/26/15,1116,46,2,-79.0,898.0,1867,1136
1048,2015-00-09/27/15,1117,47,2,-79.0,898.0,1867,1137
1049,2015-00-09/28/15,1118,47,2,-80.0,898.0,1867,1138
1050,2015-00-09/29/15,1119,48,2,-81.0,899.0,1867,1139
1051,2015-00-09/30/15,1120,48,2,-80.0,900.0,1867,1140
1052,2015-00-10/01/15,1121,48,2,-81.0,901.0,1867,1141
1053,2015-00-10/02/15,1122,49,2,-79.0,901.0,1867,1142
1054,2015-00-10/03/15,1123,49,2,-79.0,900.0,1867,1143
1055,2015-00-10/04/15,1124,50,2,-80.0,900.0,1867,1144
1056,2015-00-10/06/15,1125,50,2,-79.0,900.0,1867,1146
1057,2015-00-10/07/15,1126,51,2,-79.0,901.0,1867,1147
1058,2015-00-10/08/15,1127,51,2,-80.0,901.0,1867,1148
1059,2015-00-10/09/15,1128,52,2,-79.0,902.0,1867,1149
1060,2015-00-10/10/15,1129,52,2,-80.0,902.0,1867,1150
1061,2015-00-10/11/15,1130,53,2,-81.0,902.0,1867,1151
1062,2015-00-10/12/15,1131,53,2,-81.0,902.0,1867,1152
1063,2015-00-10/13/15,1132,53,2,-82.0,902.0,1867,1153
1064,2015-00-10/14/15,1133,54,2,-82.0,902.0,1867,1154
1065,2015-00-10/15/15,1134,54,2,-80.0,902.0,1867,1155
1069,2015-00-10/16/15,1135,55,2,-81.0,901.0,1867,1156
1066,2015-00-10/17/15,1136,55,2,-82.0,901.0,1867,1157
1068,2015-00-10/18/15,1137,56,2,-81.0,901.0,1867,1158
1067,2015-00-10/19/15,1138,56,2,-82.0,901.0,1867,1159
1070,2015-00-10/20/15,1139,57,2,-80.0,901.0,1867,1160
1071,2015-00-10/21/15,1140,57,2,-81.0,901.0,1867,1161
1072,2015-00-10/22/15,1141,57,2,-82.0,902.0,1867,1162
1073,2015-00-10/23/15,1142,58,2,-82.0,902.0,1867,1163
1074,2015-00-10/24/15,1143,58,2,-82.0,901.0,1867,1164
1075,2015-00-10/25/15,1144,59,2,-82.0,902.0,1867,1165
1076,2015-00-10/26/15,1145,59,2,-82.0,903.0,1867,1166
1077,2015-00-10/27/15,1146,60,3,-82.0,902.0,1867,1167
1078,2015-00-10/28/15,1147,60,3,-80.0,901.0,1867,1168
1080,2015-00-10/29/15,1148,61,3,-80.0,901.0,1867,1169
1079,2015-00-10/30/15,1149,61,3,-81.0,902.0,1867,1170
1081,2015-00-10/31/15,1150,62,3,-82.0,902.0,1867,1171
1082,2015-00-11/01/15,1151,62,3,-82.0,901.0,1867,1172
1086,2015-00-11/02/15,1152,62,3,-80.0,901.0,1867,1173
1083,2015-00-11/03/15,1153,63,3,-82.0,900.0,1867,1174
1088,2015-00-11/04/15,1154,63,3,-84.0,900.0,1867,1175
1084,2015-00-11/05/15,1155,64,3,-84.0,900.0,1867,1176
1085,2015-00-11/06/15,1156,64,3,-84.0,900.0,1867,1177
1087,2015-00-11/07/15,1157,65,3,-82.0,900.0,1867,1178
1089,2015-00-11/08/15,1158,65,3,-82.0,898.0,1867,1179
1090,2015-00-11/09/15,1159,66,3,-82.0,898.0,1867,1180
1091,2015-00-11/10/15,1160,66,3,-80.0,899.0,1867,1181
1092,2015-00-11/12/15,1161,66,3,-83.0,898.0,1867,1183
1093,2015-00-11/13/15,1162,67,3,-84.0,897.0,1867,1184
1094,2015-00-11/14/15,1163,67,3,-86.0,896.0,1867,1185
1095,2015-00-11/15/15,1164,68,3,-86.0,896.0,1867,1186
1096,2015-00-11/16/15,1165,68,3,-84.0,897.0,1867,1187
1097,2015-00-11/17/15,1166,69,3,-84.0,895.0,1867,1188
1098,2015-00-11/18/15,1167,69,3,-84.0,894.0,1867,1189
1102,2015-00-11/19/15,1168,70,3,-84.0,894.0,1867,1190
1100,2015-00-11/20/15,1169,70,3,-89.0,894.0,1867,1191
1101,2015-00-11/21/15,1170,71,3,-85.0,893.0,1867,1192
1099,2015-00-11/22/15,1171,71,3,-87.0,892.0,1867,1193
1104,2015-00-11/23/15,1172,71,3,-87.0,892.0,1867,1194
1103,2015-00-11/24/15,1173,72,3,-87.0,892.0,1867,1195
1105,2015-00-11/25/15,1174,72,3,-85.0,891.0,1867,1196
1106,2015-00-11/26/15,1175,73,3,-85.0,890.0,1867,1197
1107,2015-00-11/27/15,1176,73,3,-84.0,890.0,1867,1198
1108,2015-00-11/28/15,1177,74,3,-84.0,888.0,1867,1199
1109,2015-00-11/29/15,1178,74,3,-86.0,888.0,1867,1200
1110,2015-00-11/30/15,1179,75,3,-85.0,887.0,1867,1201
1111,2015-00-12/01/15,1180,75,3,-86.0,886.0,1867,1202
1112,2015-00-12/02/15,1181,75,3,-86.0,885.0,1867,1203
1114,2015-00-12/03/15,1182,76,3,-85.0,884.0,1867,1204
1113,2015-00-12/04/15,1183,76,3,-86.0,883.0,1867,1205
1115,2015-00-12/05/15,1184,77,3,-85.0,882.0,1867,1206
1116,2015-00-12/06/15,1185,77,3,-84.0,881.0,1867,1207
1117,2015-00-12/07/15,1186,78,3,-86.0,881.0,1867,1208
1118,2015-00-12/08/15,1187,78,3,-84.0,881.0,1867,1209
1119,2015-00-12/09/15,1188,79,3,-90.0,881.0,1867,1210
1120,2015-00-12/10/15,1189,79,3,-87.0,879.0,1867,1211
1121,2015-00-12/11/15,1190,79,3,-87.0,877.0,1867,1212
1122,2015-00-12/12/15,1191,80,3,-87.0,876.0,1867,1213
1123,2015-00-12/13/15,1192,80,3,-86.0,876.0,1867,1214
1124,2015-00-12/14/15,1193,81,3,-84.0,875.0,1867,1215
1125,2015-00-12/15/15,1194,81,3,-84.0,873.0,1867,1216
1126,2015-00-12/16/15,1195,82,3,-86.0,872.0,1867,1217
1129,2015-00-12/17/15,1196,82,3,-86.0,871.0,1867,1218
1127,2015-00-12/18/15,1197,83,3,-85.0,869.0,1867,1219
1128,2015-00-12/20/15,1198,83,3,-86.0,868.0,1867,1221
1130,2015-00-12/21/15,1199,84,3,-86.0,868.0,1867,1222
1131,2015-00-12/22/15,1200,84,3,-84.0,866.0,1867,1223
1132,2015-00-12/23/15,1201,84,3,-85.0,866.0,1867,1224
1133,2015-00-12/24/15,1202,85,3,-85.0,864.0,1867,1225
1136,2015-00-12/25/15,1203,85,3,-85.0,863.0,1867,1226
1135,2015-00-12/26/15,1204,86,3,-84.0,862.0,1867,1227
1134,2015-00-12/27/15,1205,86,3,-86.0,861.0,1867,1228
1137,2015-00-12/28/15,1206,87,3,-85.0,859.0,1867,1229
1138,2015-00-12/29/15,1207,87,3,-85.0,858.0,1867,1230
1139,2015-00-12/30/15,1208,88,3,-85.0,857.0,1867,1231
1141,2015-00-12/31/15,1209,88,3,-85.0,855.0,1867,1232
1140,2016-00-01/01/16,1210,88,3,-85.0,854.0,1867,1233
1142,2016-00-01/02/16,1211,89,3,-83.0,853.0,1867,1234
1143,2016-00-01/03/16,1212,89,3,-86.0,851.0,1867,1235
1145,2016-00-01/04/16,1213,90,4,-84.0,851.0,1867,1236
1144,2016-00-01/05/16,1214,90,4,-85.0,849.0,1867,1237
1146,2016-00-01/06/16,1215,91,4,-85.0,848.0,1867,1238
1147,2016-00-01/07/16,1216,91,4,-86.0,847.0,1867,1239
1148,2016-00-01/08/16,1217,92,4,-88.0,846.0,1867,1240
1149,2016-00-01/09/16,1218,92,4,-86.0,845.0,1867,1241
1150,2016-00-01/10/16,1219,93,4,-87.0,844.0,1867,1242
1151,2016-00-01/11/16,1220,93,4,-87.0,842.0,1867,1243
1152,2016-00-01/12/16,1221,93,4,-87.0,841.0,1867,1244
1153,2016-00-01/13/16,1222,94,4,-87.0,840.0,1867,1245
1155,2016-00-01/14/16,1223,94,4,-88.0,839.0,1867,1246
1154,2016-00-01/15/16,1224,95,4,-88.0,837.0,1867,1247
1156,2016-00-01/16/16,1225,95,4,-87.0,836.0,1867,1248
1157,2016-00-01/17/16,1226,96,4,-87.0,835.0,1867,1249
1158,2016-00-01/18/16,1227,96,4,-88.0,833.0,1867,1250
1159,2016-00-01/19/16,1228,97,4,-88.0,832.0,1867,1251
1160,2016-00-01/20/16,1229,97,4,-88.0,831.0,1867,1252
1161,2016-00-01/21/16,1230,98,4,-88.0,830.0,1867,1253
1162,2016-00-01/22/16,1231,98,4,-88.0,828.0,1867,1254
1163,2016-00-01/23/16,1232,99,4,-88.0,827.0,1867,1255
1164,2016-00-01/24/16,1233,99,4,-88.0,826.0,1867,1256
1166,2016-00-01/26/16,1234,99,4,-88.0,824.0,1867,1258
1165,2016-00-01/27/16,1235,100,4,-88.0,824.0,1867,1259
1170,2016-00-01/28/16,1236,100,4,-87.0,822.0,1867,1260
1169,2016-00-01/29/16,1237,101,4,-88.0,820.0,1867,1261
1167,2016-00-01/30/16,1238,101,4,-87.0,819.0,1867,1262
1168,2016-00-01/31/16,1239,102,4,-89.0,818.0,1867,1263
1171,2016-00-02/01/16,1240,102,4,-87.0,816.0,1867,1264
1172,2016-00-02/02/16,1241,103,4,-87.0,816.0,1867,1265
1173,2016-00-02/03/16,1242,103,4,-87.0,815.0,1867,1266
1174,2016-00-02/04/16,1243,104,4,-86.0,814.0,1867,1267
1175,2016-00-02/05/16,1244,104,4,-85.0,812.0,1867,1268
1176,2016-00-02/06/16,1245,105,4,-86.0,811.0,1867,1269
1178,2016-00-02/07/16,1246,105,4,-85.0,810.0,1867,1270
1177,2016-00-02/08/16,1247,105,4,-85.0,809.0,1867,1271
1179,2016-00-02/09/16,1248,106,4,-86.0,807.0,1867,1272
1180,2016-00-02/10/16,1249,106,4,-85.0,806.0,1867,1273
1182,2016-00-02/11/16,1250,107,4,-85.0,804.0,1867,1274
1185,2016-00-02/12/16,1251,107,4,-85.0,803.0,1867,1275
1184,2016-00-02/13/16,1252,108,4,-85.0,802.0,1867,1276
1181,2016-00-02/14/16,1253,108,4,-85.0,800.0,1867,1277
1183,2016-00-02/15/16,1254,109,4,-84.0,799.0,1867,1278
1187,2016-00-02/16/16,1255,109,4,-84.0,798.0,1867,1279
1186,2016-00-02/17/16,1256,110,4,-84.0,797.0,1867,1280
1188,2016-00-02/18/16,1257,110,4,-84.0,794.0,1867,1281
1189,2016-00-02/19/16,1258,111,4,-83.0,794.0,1867,1282
1190,2016-00-02/20/16,1259,111,4,-84.0,794.0,1867,1283
1191,2016-00-02/21/16,1260,112,4,-83.0,792.0,1867,1284
1192,2016-00-02/22/16,1261,112,4,-81.0,790.0,1867,1285
1193,2016-00-02/23/16,1262,112,4,-81.0,790.0,1867,1286
1194,2016-00-02/24/16,1263,113,4,-84.0,788.0,1867,1287
1195,2016-00-02/25/16,1264,113,4,-84.0,787.0,1867,1288
1197,2016-00-02/26/16,1265,114,4,-81.0,787.0,1867,1289
1196,2016-00-02/27/16,1266,114,4,-82.0,787.0,1867,1290
1198,2016-00-02/28/16,1267,115,4,-83.0,786.0,1867,1291
1199,2016-00-02/29/16,1268,115,4,-83.0,784.0,1867,1292
1201,2016-00-03/01/16,1269,116,4,-83.0,782.0,1867,1293
1200,2016-00-03/03/16,1270,116,4,-82.0,782.0,1867,1295
1202,2016-00-03/04/16,1271,117,4,-84.0,781.0,1867,1296
1203,2016-00-03/05/16,1272,117,4,-81.0,780.0,1867,1297
1204,2016-00-03/06/16,1273,118,4,-79.0,778.0,1867,1298
1205,2016-00-03/07/16,1274,118,4,-82.0,777.0,1867,1299
1206,2016-00-03/08/16,1275,119,4,-82.0,775.0,1867,1300
1207,2016-00-03/09/16,1276,119,4,-83.0,774.0,1867,1301
1208,2016-00-03/10/16,1277,120,5,-84.0,774.0,1867,1302
1210,2016-00-03/11/16,1278,120,5,-83.0,773.0,1867,1303
1209,2016-00-03/12/16,1279,121,5,-83.0,772.0,1867,1304
1211,2016-00-03/13/16,1280,121,5,-84.0,771.0,1867,1305
1212,2016-00-03/14/16,1281,122,5,-83.0,769.0,1867,1306
1213,2016-00-03/15/16,1282,122,5,-81.0,768.0,1867,1307
1214,2016-00-03/16/16,1283,123,5,-82.0,767.0,1867,1308
1216,2016-00-03/17/16,1284,123,5,-80.0,767.0,1867,1309
1217,2016-00-03/18/16,1285,123,5,-80.0,766.0,1867,1310
1215,2016-00-03/19/16,1286,124,5,-80.0,765.0,1867,1311
1218,2016-00-03/20/16,1287,124,5,-80.0,764.0,1867,1312
1219,2016-00-03/21/16,1288,125,5,-80.0,763.0,1867,1313
1220,2016-00-03/24/16,1291,126,5,-80.0,760.0,1867,1316
1222,2016-00-03/25/16,1292,127,5,-81.0,760.0,1867,1317
1221,2016-00-03/26/16,1293,127,5,-81.0,758.0,1867,1318
1223,2016-00-03/27/16,1294,128,5,-79.0,758.0,1867,1319
1224,2016-00-03/28/16,1295,128,5,-79.0,757.0,1867,1320
1226,2016-00-03/29/16,1296,129,5,-79.0,756.0,1867,1321
1225,2016-00-03/30/16,1297,129,5,-80.0,755.0,1867,1322
1229,2016-00-03/31/16,1298,130,5,-79.0,755.0,1867,1323
1228,2016-00-04/01/16,1299,130,5,-80.0,753.0,1867,1324
1227,2016-00-04/02/16,1300,131,5,-79.0,752.0,1867,1325
1230,2016-00-04/03/16,1301,131,5,-78.0,752.0,1867,1326
1231,2016-00-04/04/16,1302,132,5,-80.0,751.0,1867,1327
1232,2016-00-04/05/16,1303,132,5,-78.0,751.0,1867,1328
1233,2016-00-04/06/16,1304,133,5,-80.0,750.0,1867,1329
1235,2016-00-04/07/16,1305,133,5,-80.0,749.0,1867,1330
1234,2016-00-04/08/16,1306,134,5,-79.0,748.0,1867,1331
1236,2016-00-04/10/16,1307,134,5,-80.0,748.0,1867,1333
1237,2016-00-04/11/16,1308,135,5,-81.0,748.0,1867,1334
1238,2016-00-04/12/16,1309,135,5,-81.0,747.0,1867,1335
1239,2016-00-04/13/16,1310,136,5,-76.0,745.0,1867,1336
1240,2016-00-04/14/16,1311,136,5,-78.0,745.0,1867,1337
1243,2016-00-04/15/16,1312,137,5,-77.0,745.0,1867,1338
1241,2016-00-04/16/16,1313,137,5,-77.0,745.0,1867,1339
1242,2016-00-04/17/16,1314,138,5,-78.0,744.0,1867,1340
1244,2016-00-04/18/16,1315,138,5,-77.0,744.0,1867,1341
1245,2016-00-04/19/16,1316,139,5,-80.0,744.0,1867,1342
1246,2016-00-04/20/16,1317,139,5,-80.0,743.0,1867,1343
1247,2016-00-04/21/16,1318,140,5,-80.0,743.0,1867,1344
1248,2016-00-04/22/16,1319,140,5,-78.0,742.0,1867,1345
1250,2016-00-04/23/16,1320,141,5,-77.0,741.0,1867,1346
1249,2016-00-04/24/16,1321,141,5,-77.0,740.0,1867,1347
1251,2016-00-04/25/16,1322,142,5,-78.0,740.0,1867,1348
1252,2016-00-04/26/16,1323,142,5,-77.0,738.0,1867,1349
1253,2016-00-04/27/16,1324,143,5,-78.0,738.0,1867,1350
1256,2016-00-04/28/16,1325,144,5,-78.0,738.0,1867,1351
1254,2016-00-04/29/16,1326,144,5,-77.0,738.0,1867,1352
1255,2016-00-04/30/16,1327,145,5,-76.0,736.0,1867,1353
1257,2016-00-05/01/16,1328,145,5,-77.0,735.0,1867,1354
1258,2016-00-05/02/16,1329,146,5,-74.0,735.0,1867,1355
1259,2016-00-05/03/16,1330,146,5,-78.0,734.0,1867,1356
1260,2016-00-05/04/16,1331,147,5,-76.0,734.0,1867,1357
1262,2016-00-05/05/16,1332,147,5,-78.0,734.0,1867,1358
1263,2016-00-05/06/16,1333,148,5,-76.0,733.0,1867,1359
1261,2016-00-05/07/16,1334,148,5,-77.0,732.0,1867,1360
1264,2016-00-05/08/16,1335,149,5,-77.0,732.0,1867,1361
1265,2016-00-05/09/16,1336,149,5,-75.0,732.0,1867,1362
1266,2016-00-05/10/16,1337,150,6,-76.0,734.0,1867,1363
1267,2016-00-05/11/16,1338,150,6,-75.0,734.0,1867,1364
1268,2016-00-05/12/16,1339,151,6,-77.0,733.0,1867,1365
1269,2016-00-05/13/16,1340,151,6,-76.0,734.0,1867,1366
1270,2016-00-05/14/16,1341,152,6,-76.0,735.0,1867,1367
1271,2016-00-05/15/16,1342,152,6,-80.0,735.0,1867,1368
1272,2016-00-05/17/16,1343,153,6,-74.0,735.0,1867,1370
1273,2016-00-05/18/16,1344,153,6,-75.0,734.0,1867,1371
1276,2016-00-05/19/16,1345,154,6,-75.0,735.0,1867,1372
1274,2016-00-05/20/16,1346,155,6,-75.0,737.0,1867,1373
1277,2016-00-05/21/16,1347,155,6,-75.0,736.0,1867,1374
1275,2016-00-05/22/16,1348,156,6,-76.0,735.0,1867,1375
1278,2016-00-05/23/16,1349,156,6,-73.0,737.0,1867,1376
1279,2016-00-05/24/16,1350,157,6,-73.0,738.0,1867,1377
1280,2016-00-05/25/16,1351,157,6,-72.0,739.0,1867,1378
1283,2016-00-05/26/16,1352,158,6,-73.0,736.0,1867,1379
1281,2016-00-05/27/16,1353,158,6,-76.0,737.0,1867,1380
1282,2016-00-05/28/16,1354,159,6,-75.0,739.0,1867,1381
1284,2016-00-05/29/16,1355,159,6,-75.0,740.0,1867,1382
1286,2016-00-05/30/16,1356,160,6,-74.0,739.0,1867,1383
1285,2016-00-05/31/16,1357,160,6,-72.0,738.0,1867,1384
1287,2016-00-06/01/16,1358,161,6,-74.0,738.0,1867,1385
1288,2016-00-06/02/16,1359,162,6,-76.0,739.0,1867,1386
1289,2016-00-06/03/16,1360,162,6,-76.0,739.0,1867,1387
1290,2016-00-06/04/16,1361,163,6,-75.0,739.0,1867,1388
1291,2016-00-06/05/16,1362,163,6,-74.0,739.0,1867,1389
1292,2016-00-06/06/16,1363,164,6,-75.0,740.0,1867,1390
1293,2016-00-06/07/16,1364,164,6,-74.0,740.0,1867,1391
1294,2016-00-06/08/16,1365,165,6,-74.0,739.0,1867,1392
1295,2016-00-06/09/16,1366,165,6,-75.0,740.0,1867,1393
1296,2016-00-06/10/16,1367,166,6,-74.0,743.0,1867,1394
1297,2016-00-06/11/16,1368,167,6,-74.0,743.0,1867,1395
1299,2016-00-06/12/16,1369,167,6,-73.0,742.0,1867,1396
1298,2016-00-06/13/16,1370,168,6,-74.0,744.0,1867,1397
1301,2016-00-06/14/16,1371,168,6,-75.0,746.0,1867,1398
1300,2016-00-06/15/16,1372,169,6,-74.0,745.0,1867,1399
1303,2016-00-06/16/16,1373,169,6,-74.0,746.0,1867,1400
1302,2016-00-06/17/16,1374,170,6,-75.0,748.0,1867,1401
1304,2016-00-06/18/16,1375,170,6,-73.0,749.0,1867,1402
1305,2016-00-06/19/16,1376,171,6,-75.0,749.0,1867,1403
1306,2016-00-06/20/16,1377,172,6,-76.0,749.0,1867,1404
1308,2016-00-06/21/16,1378,172,6,-76.0,751.0,1867,1405
1307,2016-00-06/23/16,1379,173,6,-77.0,751.0,1867,1407
1311,2016-00-06/24/16,1380,173,6,-74.0,751.0,1867,1408
1309,2016-00-06/25/16,1381,174,6,-73.0,751.0,1867,1409
1310,2016-00-06/26/16,1382,174,6,-76.0,752.0,1867,1410
1312,2016-00-06/27/16,1383,175,6,-73.0,752.0,1867,1411
1313,2016-00-06/28/16,1384,176,6,-74.0,753.0,1867,1412
1314,2016-00-06/29/16,1385,176,6,-75.0,755.0,1867,1413
1315,2016-00-06/30/16,1386,177,6,-74.0,755.0,1867,1414
1316,2016-00-07/01/16,1387,177,6,-74.0,755.0,1867,1415
1317,2016-00-07/02/16,1388,178,6,-73.0,756.0,1867,1416
1318,2016-00-07/12/16,1398,184,7,-66.0,751.0,1867,1426
1319,2016-00-07/13/16,1399,184,7,-73.0,770.0,1867,1427
1322,2016-00-07/14/16,1400,185,7,-73.0,770.0,1867,1428
1321,2016-00-07/15/16,1401,185,7,-73.0,770.0,1867,1429
1320,2016-00-07/16/16,1402,186,7,-75.0,771.0,1867,1430
1323,2016-00-07/17/16,1403,187,7,-75.0,771.0,1867,1431
1324,2016-00-07/18/16,1404,187,7,-75.0,774.0,1867,1432
1325,2016-00-07/19/16,1405,188,7,-75.0,775.0,1867,1433
1328,2016-00-07/20/16,1406,188,7,-76.0,775.0,1867,1434
1329,2016-00-07/21/16,1407,189,7,-74.0,779.0,1867,1435
1327,2016-00-07/22/16,1408,190,7,-75.0,779.0,1867,1436
1326,2016-00-07/23/16,1409,190,7,-74.0,781.0,1867,1437
1330,2016-00-07/24/16,1410,191,7,-72.0,782.0,1867,1438
1331,2016-00-07/25/16,1411,191,7,-72.0,782.0,1867,1439
1333,2016-00-07/26/16,1412,192,7,-78.0,784.0,1867,1440
1332,2016-00-07/27/16,1413,193,7,-72.0,784.0,1867,1441
1336,2016-00-07/28/16,1414,193,7,-73.0,785.0,1867,1442
1334,2016-00-07/29/16,1415,194,7,-72.0,787.0,1867,1443
1335,2016-00-07/31/16,1416,194,7,-72.0,791.0,1867,1445
1337,2016-00-08/01/16,1417,195,7,-70.0,791.0,1867,1446
1338,2016-00-08/02/16,1418,196,7,-73.0,793.0,1867,1447
1339,2016-00-08/03/16,1419,196,7,-73.0,793.0,1867,1448
1340,2016-00-08/04/16,1420,197,7,-71.0,793.0,1867,1449
1343,2016-00-08/05/16,1421,197,7,-72.0,797.0,1867,1450
1342,2016-00-08/06/16,1422,198,7,-72.0,798.0,1867,1451
1341,2016-00-08/07/16,1423,199,7,-71.0,800.0,1867,1452
1344,2016-00-08/08/16,1424,199,7,-72.0,803.0,1867,1453
1345,2016-00-08/09/16,1425,200,7,-72.0,804.0,1867,1454
1346,2016-00-08/10/16,1426,200,7,-71.0,803.0,1867,1455
1347,2016-00-08/11/16,1427,201,7,-72.0,807.0,1867,1456
1348,2016-00-08/12/16,1428,202,7,-72.0,808.0,1867,1457
1349,2016-00-08/13/16,1429,202,7,-70.0,810.0,1867,1458
1351,2016-00-08/14/16,1430,203,7,-69.0,810.0,1867,1459
1350,2016-00-08/15/16,1431,204,7,-69.0,811.0,1867,1460
1352,2016-00-08/16/16,1432,204,7,-71.0,813.0,1867,1461
1353,2016-00-08/17/16,1433,205,7,-70.0,818.0,1867,1462
1356,2016-00-08/18/16,1434,205,7,-70.0,818.0,1867,1463
1355,2016-00-08/19/16,1435,206,7,-71.0,823.0,1867,1464
1354,2016-00-08/20/16,1436,207,7,-72.0,825.0,1867,1465
1357,2016-00-08/21/16,1437,207,7,-71.0,821.0,1867,1466
1358,2016-00-08/22/16,1438,208,7,-68.0,823.0,1867,1467
1360,2016-00-08/23/16,1439,208,7,-71.0,828.0,1867,1468
1359,2016-00-08/24/16,1440,209,7,-70.0,828.0,1867,1469
1361,2016-00-08/25/16,1441,210,8,-74.0,828.0,1867,1470
1362,2016-00-08/26/16,1442,210,8,-68.0,829.0,1867,1471
1363,2016-00-08/27/16,1443,211,8,-69.0,831.0,1867,1472
1364,2016-00-08/28/16,1444,212,8,-69.0,833.0,1867,1473
1365,2016-00-08/29/16,1445,212,8,-69.0,836.0,1867,1474
1366,2016-00-08/30/16,1446,213,8,-70.0,841.0,1867,1475
1367,2016-00-08/31/16,1447,214,8,-74.0,841.0,1867,1476
1369,2016-00-09/01/16,1448,214,8,-69.0,841.0,1867,1477
1368,2016-00-09/02/16,1449,215,8,-71.0,841.0,1867,1478
1370,2016-00-09/03/16,1450,215,8,-69.0,842.0,1867,1479
1371,2016-00-09/04/16,1451,216,8,-71.0,842.0,1867,1480
1373,2016-00-09/06/16,1452,217,8,-74.0,845.0,1867,1482
1372,2016-00-09/07/16,1453,217,8,-73.0,850.0,1867,1483
1374,2016-00-09/08/16,1454,218,8,-69.0,854.0,1867,1484
1377,2016-00-09/09/16,1455,219,8,-70.0,858.0,1867,1485
1376,2016-00-09/10/16,1456,219,8,-69.0,859.0,1867,1486
1375,2016-00-09/11/16,1457,220,8,-69.0,860.0,1867,1487
1378,2016-00-09/12/16,1458,220,8,-69.0,859.0,1867,1488
1379,2016-00-09/13/16,1459,221,8,-71.0,861.0,1867,1489
1380,2016-00-09/14/16,1460,222,8,-70.0,865.0,1867,1490
1382,2016-00-09/15/16,1461,222,8,-69.0,870.0,1867,1491
1381,2016-00-09/16/16,1462,223,8,-68.0,871.0,1867,1492
1383,2016-00-09/17/16,1463,224,8,-68.0,871.0,1867,1493
1384,2016-00-09/18/16,1464,224,8,-71.0,871.0,1867,1494
1385,2016-00-09/19/16,1465,225,8,-68.0,870.0,1867,1495
1386,2016-00-09/20/16,1466,226,8,-67.0,873.0,1867,1496
1387,2016-00-09/21/16,1467,226,8,-69.0,877.0,1867,1497
1388,2016-00-09/22/16,1468,227,8,-70.0,879.0,1867,1498
1389,2016-00-09/23/16,1469,228,8,-72.0,881.0,1867,1499
1391,2016-00-09/24/16,1470,228,8,-70.0,879.0,1867,1500
1392,2016-00-09/25/16,1471,229,8,-71.0,880.0,1867,1501
1390,2016-00-09/26/16,1472,229,8,-68.0,879.0,1867,1502
1393,2016-00-09/27/16,1473,230,8,-67.0,881.0,1867,1503
1394,2016-00-09/28/16,1474,231,8,-68.0,889.0,1867,1504
1396,2016-00-09/29/16,1475,231,8,-72.0,890.0,1867,1505
1395,2016-00-09/30/16,1476,232,8,-69.0,888.0,1867,1506
1397,2016-00-10/01/16,1477,233,8,-72.0,888.0,1867,1507
1399,2016-00-10/02/16,1478,233,8,-68.0,887.0,1867,1508
1398,2016-00-10/03/16,1479,234,8,-66.0,890.0,1867,1509
1400,2016-00-10/04/16,1480,235,8,-68.0,893.0,1867,1510
1401,2016-00-10/05/16,1481,235,8,-70.0,893.0,1867,1511
1403,2016-00-10/06/16,1482,236,8,-68.0,893.0,1867,1512
1402,2016-00-10/07/16,1483,237,8,-68.0,892.0,1867,1513
1404,2016-00-10/08/16,1484,237,8,-68.0,895.0,1867,1514
1405,2016-00-10/09/16,1485,238,8,-71.0,899.0,1867,1515
1406,2016-00-10/10/16,1486,239,8,-71.0,901.0,1867,1516
1407,2016-00-10/11/16,1487,239,8,-68.0,901.0,1867,1517
1408,2016-00-10/12/16,1488,240,9,-69.0,902.0,1867,1518
1410,2016-00-10/14/16,1489,240,9,-68.0,903.0,1867,1520
1411,2016-00-10/15/16,1490,241,9,-66.0,904.0,1867,1521
1409,2016-00-10/16/16,1491,242,9,-69.0,906.0,1867,1522
1412,2016-00-10/17/16,1492,242,9,-68.0,910.0,1867,1523
1413,2016-00-10/18/16,1493,243,9,-70.0,905.0,1867,1524
1414,2016-00-10/19/16,1494,244,9,-70.0,904.0,1867,1525
1416,2016-00-10/20/16,1495,244,9,-71.0,903.0,1867,1526
1415,2016-00-10/21/16,1496,245,9,-72.0,906.0,1867,1527
1417,2016-00-10/22/16,1497,246,9,-68.0,909.0,1867,1528
1418,2016-00-10/23/16,1498,246,9,-68.0,907.0,1867,1529
1419,2016-00-10/24/16,1499,247,9,-69.0,903.0,1867,1530
1420,2016-00-10/25/16,1500,248,9,-70.0,903.0,1867,1531
1421,2016-00-10/26/16,1501,248,9,-69.0,903.0,1867,1532
1422,2016-00-10/27/16,1502,249,9,-69.0,907.0,1867,1533
1424,2016-00-10/28/16,1503,250,9,-70.0,909.0,1867,1534
1423,2016-00-10/29/16,1504,250,9,-69.0,910.0,1867,1535
1425,2016-00-10/30/16,1505,251,9,-69.0,906.0,1867,1536
1426,2016-00-10/31/16,1506,252,9,-71.0,907.0,1867,1537
1427,2016-00-11/01/16,1507,252,9,-70.0,907.0,1867,1538
1428,2016-00-11/02/16,1508,253,9,-70.0,907.0,1867,1539
1430,2016-00-11/03/16,1509,254,9,-70.0,910.0,1867,1540
1431,2016-00-11/04/16,1510,254,9,-70.0,908.0,1867,1541
1429,2016-00-11/05/16,1511,255,9,-77.0,908.0,1867,1542
1432,2016-00-11/06/16,1512,255,9,-78.0,906.0,1867,1543
1433,2016-00-11/07/16,1513,256,9,-74.0,907.0,1867,1544
1434,2016-00-11/08/16,1514,257,9,-73.0,906.0,1867,1545
1435,2016-00-11/09/16,1515,257,9,-76.0,906.0,1867,1546
1436,2016-00-11/10/16,1516,258,9,-71.0,909.0,1867,1547
1437,2016-00-11/11/16,1517,259,9,-76.0,911.0,1867,1548
1438,2016-00-11/12/16,1518,259,9,-78.0,909.0,1867,1549
1440,2016-00-11/13/16,1519,260,9,-72.0,906.0,1867,1550
1439,2016-00-11/14/16,1520,261,9,-73.0,905.0,1867,1551
1441,2016-00-11/15/16,1521,261,9,-71.0,905.0,1867,1552
1442,2016-00-11/16/16,1522,262,9,-71.0,905.0,1867,1553
1443,2016-00-11/17/16,1523,263,9,-77.0,905.0,1867,1554
1444,2016-00-11/18/16,1524,263,9,-76.0,904.0,1867,1555
1445,2016-00-11/20/16,1525,264,9,-74.0,902.0,1867,1557
1446,2016-00-11/21/16,1526,265,9,-72.0,900.0,1867,1558
1449,2016-00-11/22/16,1527,265,9,-71.0,900.0,1867,1559
1450,2016-00-11/23/16,1528,266,9,-72.0,898.0,1867,1560
1451,2016-00-11/24/16,1529,267,9,-73.0,900.0,1867,1561
1452,2016-00-11/25/16,1530,267,9,-71.0,899.0,1867,1562
1447,2016-00-11/26/16,1531,268,9,-76.0,900.0,1867,1563
1448,2016-00-11/27/16,1532,268,9,-72.0,900.0,1867,1564
1453,2016-00-11/28/16,1533,269,9,-72.0,896.0,1867,1565
1454,2016-00-11/29/16,1534,270,10,-73.0,898.0,1867,1566
1455,2016-00-11/30/16,1535,270,10,-73.0,900.0,1867,1567
1456,2016-00-12/01/16,1536,271,10,-71.0,901.0,1867,1568
1458,2016-00-12/02/16,1537,272,10,-74.0,900.0,1867,1569
1457,2016-00-12/03/16,1538,272,10,-73.0,898.0,1867,1570
1459,2016-00-12/04/16,1539,273,10,-74.0,896.0,1867,1571
1460,2016-00-12/05/16,1540,274,10,-72.0,896.0,1867,1572
1461,2016-00-12/06/16,1541,274,10,-76.0,895.0,1867,1573
1462,2016-00-12/07/16,1542,275,10,-73.0,895.0,1867,1574
1464,2016-00-12/08/16,1543,276,10,-74.0,896.0,1867,1575
1463,2016-00-12/09/16,1544,276,10,-71.0,894.0,1867,1576
1465,2016-00-12/10/16,1545,277,10,-73.0,891.0,1867,1577
1467,2016-00-12/11/16,1546,277,10,-73.0,889.0,1867,1578
1466,2016-00-12/12/16,1547,278,10,-75.0,887.0,1867,1579
1468,2016-00-12/13/16,1548,279,10,-76.0,887.0,1867,1580
1469,2016-00-12/14/16,1549,279,10,-76.0,887.0,1867,1581
1472,2016-00-12/15/16,1550,280,10,-71.0,888.0,1867,1582
1471,2016-00-12/16/16,1551,281,10,-71.0,886.0,1867,1583
1470,2016-00-12/17/16,1552,281,10,-74.0,886.0,1867,1584
1474,2016-00-12/18/16,1553,282,10,-77.0,884.0,1867,1585
1473,2016-00-12/19/16,1554,283,10,-70.0,882.0,1867,1586
1477,2016-00-12/20/16,1555,283,10,-71.0,883.0,1867,1587
1478,2016-00-12/21/16,1556,284,10,-72.0,883.0,1867,1588
1475,2016-00-12/22/16,1557,284,10,-70.0,883.0,1867,1589
1476,2016-00-12/23/16,1558,285,10,-72.0,880.0,1867,1590
1484,2016-00-12/24/16,1559,286,10,-76.0,879.0,1867,1591
1482,2016-00-12/25/16,1560,286,10,-76.0,877.0,1867,1592
1485,2016-00-12/27/16,1561,287,10,-77.0,877.0,1867,1594
1479,2016-00-12/28/16,1562,288,10,-73.0,877.0,1867,1595
1483,2016-00-12/29/16,1563,288,10,-75.0,879.0,1867,1596
1481,2016-00-12/30/16,1564,289,10,-70.0,877.0,1867,1597
1480,2016-00-12/31/16,1565,290,10,-72.0,874.0,1867,1598
1487,2017-00-01/01/17,1566,290,10,-76.0,876.0,1867,1599
1486,2017-00-01/02/17,1567,291,10,-70.0,872.0,1867,1600
1488,2017-00-01/03/17,1568,291,10,-71.0,876.0,1867,1601
1492,2017-00-01/04/17,1569,292,10,-70.0,873.0,1867,1602
1491,2017-00-01/05/17,1570,293,10,-71.0,873.0,1867,1603
1490,2017-00-01/06/17,1571,293,10,-70.0,873.0,1867,1604
1489,2017-00-01/07/17,1572,294,10,-81.0,869.0,1867,1605
1493,2017-00-01/08/17,1573,295,10,-74.0,872.0,1867,1606
1495,2017-00-01/09/17,1574,295,10,-72.0,868.0,1867,1607
1494,2017-00-01/10/17,1575,296,10,-73.0,871.0,1867,1608
1496,2017-00-01/11/17,1576,296,10,-72.0,869.0,1867,1609
1498,2017-00-01/12/17,1577,297,10,-72.0,866.0,1867,1610
1499,2017-00-01/13/17,1578,298,10,-74.0,868.0,1867,1611
1500,2017-00-01/14/17,1579,298,10,-73.0,862.0,1867,1612
1497,2017-00-01/15/17,1580,299,10,-72.0,867.0,1867,1613
1501,2017-00-01/16/17,1581,299,10,-72.0,862.0,1867,1614
1503,2017-00-01/17/17,1582,300,11,-74.0,862.0,1867,1615
1502,2017-00-01/18/17,1583,301,11,-75.0,862.0,1867,1616
1505,2017-00-01/19/17,1584,301,11,-77.0,860.0,1867,1617
1506,2017-00-01/20/17,1585,302,11,-76.0,864.0,1867,1618
1504,2017-00-01/21/17,1586,303,11,-72.0,858.0,1867,1619
1508,2017-00-01/22/17,1587,303,11,-73.0,860.0,1867,1620
1507,2017-00-01/23/17,1588,304,11,-72.0,858.0,1867,1621
1510,2017-00-01/24/17,1589,304,11,-72.0,857.0,1867,1622
1509,2017-00-01/25/17,1590,305,11,-76.0,860.0,1867,1623
1512,2017-00-01/26/17,1591,306,11,-73.0,852.0,1867,1624
1511,2017-00-01/27/17,1592,306,11,-71.0,857.0,1867,1625
1513,2017-00-01/28/17,1593,307,11,-72.0,852.0,1867,1626
1514,2017-00-01/29/17,1594,307,11,-74.0,855.0,1867,1627
1515,2017-00-01/30/17,1595,308,11,-71.0,855.0,1867,1628
1516,2017-00-01/31/17,1596,309,11,-74.0,850.0,1867,1629
1517,2017-00-02/01/17,1597,309,11,-73.0,855.0,1867,1630
1519,2017-00-02/03/17,1598,310,11,-70.0,849.0,1867,1632
1518,2017-00-02/04/17,1599,310,11,-72.0,853.0,1867,1633
1520,2017-00-02/05/17,1600,311,11,-71.0,850.0,1867,1634
1522,2017-00-02/06/17,1601,312,11,-71.0,853.0,1867,1635
1521,2017-00-02/07/17,1602,312,11,-77.0,852.0,1867,1636
1523,2017-00-02/08/17,1603,313,11,-76.0,847.0,1867,1637
1524,2017-00-02/09/17,1604,313,11,-77.0,850.0,1867,1638
1526,2017-00-02/10/17,1605,314,11,-73.0,846.0,1867,1639
1525,2017-00-02/11/17,1606,315,11,-75.0,850.0,1867,1640
1528,2017-00-02/12/17,1607,315,11,-77.0,846.0,1867,1641
1527,2017-00-02/13/17,1608,316,11,-72.0,847.0,1867,1642
1529,2017-00-02/14/17,1609,316,11,-71.0,847.0,1867,1643
1534,2017-00-02/18/17,1613,319,11,-72.0,846.0,1867,1647
1533,2017-00-02/19/17,1614,319,11,-73.0,837.0,1867,1648
1536,2017-00-02/20/17,1615,320,11,-73.0,842.0,1867,1649
1535,2017-00-02/21/17,1616,320,11,-73.0,848.0,1867,1650
1537,2017-00-02/22/17,1617,321,11,-72.0,840.0,1867,1651
1540,2017-00-02/23/17,1618,322,11,-71.0,845.0,1867,1652
1538,2017-00-02/24/17,1619,322,11,-73.0,841.0,1867,1653
1539,2017-00-02/25/17,1620,323,11,-70.0,844.0,1867,1654
1541,2017-00-02/26/17,1621,323,11,-73.0,842.0,1867,1655
1542,2017-00-02/27/17,1622,324,11,-71.0,841.0,1867,1656
1544,2017-00-02/28/17,1623,324,11,-71.0,840.0,1867,1657
1543,2017-00-03/01/17,1624,325,11,-72.0,837.0,1867,1658
1546,2017-00-03/02/17,1625,326,11,-71.0,839.0,1867,1659
1545,2017-00-03/03/17,1626,326,11,-71.0,839.0,1867,1660
1547,2017-00-03/04/17,1627,327,11,-72.0,838.0,1867,1661
1549,2017-00-03/05/17,1628,327,11,-71.0,839.0,1867,1662
1548,2017-00-03/06/17,1629,328,11,-74.0,837.0,1867,1663
1551,2017-00-03/07/17,1630,328,11,-77.0,838.0,1867,1664
1550,2017-00-03/08/17,1631,329,11,-77.0,837.0,1867,1665
1552,2017-00-03/09/17,1632,330,12,-72.0,836.0,1867,1666
1554,2017-00-03/10/17,1633,330,12,-75.0,834.0,1867,1667
1553,2017-00-03/12/17,1634,331,12,-72.0,834.0,1867,1669
1555,2017-00-03/13/17,1635,331,12,-73.0,833.0,1867,1670
1556,2017-00-03/14/17,1636,332,12,-72.0,834.0,1867,1671
1557,2017-00-03/15/17,1637,332,12,-73.0,833.0,1867,1672
1559,2017-00-03/16/17,1638,333,12,-73.0,833.0,1867,1673
1558,2017-00-03/17/17,1639,334,12,-71.0,832.0,1867,1674
1561,2017-00-03/18/17,1640,334,12,-72.0,832.0,1867,1675
1560,2017-00-03/19/17,1641,335,12,-72.0,831.0,1867,1676
1564,2017-00-03/20/17,1642,335,12,-72.0,829.0,1867,1677
1563,2017-00-03/21/17,1643,336,12,-74.0,832.0,1867,1678
1562,2017-00-03/22/17,1644,336,12,-74.0,832.0,1867,1679
1567,2017-00-03/23/17,1645,337,12,-74.0,832.0,1867,1680
1565,2017-00-03/24/17,1646,337,12,-74.0,831.0,1867,1681
1566,2017-00-03/25/17,1647,338,12,-73.0,831.0,1867,1682
1568,2017-00-03/26/17,1648,339,12,-73.0,830.0,1867,1683
1569,2017-00-03/27/17,1649,339,12,-74.0,830.0,1867,1684
1570,2017-00-03/28/17,1650,340,12,-75.0,833.0,1867,1685
1571,2017-00-03/29/17,1651,340,12,-77.0,833.0,1867,1686
1572,2017-00-03/30/17,1652,341,12,-76.0,834.0,1867,1687
1573,2017-00-03/31/17,1653,341,12,-75.0,833.0,1867,1688
1575,2017-00-04/01/17,1654,342,12,-75.0,829.0,1867,1689
1574,2017-00-04/02/17,1655,342,12,-76.0,831.0,1867,1690
1576,2017-00-04/03/17,1656,343,12,-75.0,832.0,1867,1691
1578,2017-00-04/04/17,1657,343,12,-75.0,836.0,1867,1692
1577,2017-00-04/05/17,1658,344,12,-77.0,835.0,1867,1693
1579,2017-00-04/06/17,1659,345,12,-77.0,832.0,1867,1694
1581,2017-00-04/07/17,1660,345,12,-74.0,832.0,1867,1695
1580,2017-00-04/08/17,1661,346,12,-75.0,831.0,1867,1696
1583,2017-00-04/09/17,1662,346,12,-75.0,831.0,1867,1697
1584,2017-00-04/10/17,1663,347,12,-74.0,832.0,1867,1698
1586,2017-00-04/11/17,1664,347,12,-74.0,832.0,1867,1699
1585,2017-00-04/12/17,1665,348,12,-76.0,833.0,1867,1700
1582,2017-00-04/13/17,1666,348,12,-76.0,834.0,1867,1701
1588,2017-00-04/14/17,1667,349,12,-76.0,833.0,1867,1702
1587,2017-00-04/15/17,1668,349,12,-77.0,831.0,1867,1703
1589,2017-00-04/16/17,1669,350,12,-74.0,833.0,1867,1704
1590,2017-00-04/18/17,1670,350,12,-76.0,834.0,1867,1706
1591,2017-00-04/19/17,1671,351,12,-76.0,832.0,1867,1707
1592,2017-00-04/20/17,1672,351,12,-74.0,833.0,1867,1708
1594,2017-00-04/21/17,1673,352,12,-75.0,836.0,1867,1709
1593,2017-00-04/22/17,1674,352,12,-75.0,835.0,1867,1710
1595,2017-00-04/23/17,1675,353,12,-75.0,835.0,1867,1711
1596,2017-00-04/24/17,1676,354,12,-76.0,837.0,1867,1712
1597,2017-00-04/25/17,1677,354,12,-74.0,835.0,1867,1713
1598,2017-00-04/26/17,1678,355,12,-74.0,836.0,1867,1714
1599,2017-00-04/27/17,1679,355,12,-75.0,836.0,1867,1715
1601,2017-00-04/28/17,1680,356,12,-74.0,835.0,1867,1716
1602,2017-00-04/29/17,1681,356,12,-74.0,837.0,1867,1717
1603,2017-00-04/30/17,1682,357,12,-76.0,839.0,1867,1718
1600,2017-00-05/01/17,1683,357,12,-75.0,837.0,1867,1719
1604,2017-00-05/02/17,1684,358,12,-75.0,837.0,1867,1720
1605,2017-00-05/03/17,1685,358,12,-77.0,838.0,1867,1721
1607,2017-00-05/04/17,1686,359,12,-75.0,838.0,1867,1722
1608,2017-00-05/05/17,1687,359,12,-75.0,838.0,1867,1723
1606,2017-00-05/06/17,1688,0,1,-76.0,840.0,1867,1724
1610,2017-00-05/07/17,1689,0,1,-75.0,840.0,1867,1725
1609,2017-00-05/08/17,1690,1,1,-76.0,840.0,1867,1726
1614,2017-00-05/10/17,1692,2,1,-62.0,820.0,1867,1728
1612,2017-00-05/11/17,1693,2,1,-76.0,840.0,1867,1729
1613,2017-00-05/12/17,1694,3,1,-76.0,840.0,1867,1730
1611,2017-00-05/13/17,1695,3,1,-77.0,840.0,1867,1731
1615,2017-00-05/14/17,1696,4,1,-75.0,841.0,1867,1732
1616,2017-00-05/15/17,1697,4,1,-77.0,841.0,1867,1733
1618,2017-00-05/16/17,1698,5,1,-77.0,842.0,1867,1734
1617,2017-00-05/17/17,1699,5,1,-76.0,843.0,1867,1735
1619,2017-00-05/18/17,1700,6,1,-76.0,842.0,1867,1736
1620,2017-00-05/19/17,1701,6,1,-76.0,841.0,1867,1737
1621,2017-00-05/20/17,1702,7,1,-75.0,842.0,1867,1738
1622,2017-00-05/21/17,1703,7,1,-76.0,843.0,1867,1739
1625,2017-00-05/22/17,1704,8,1,-77.0,844.0,1867,1740
1623,2017-00-05/23/17,1705,8,1,-76.0,845.0,1867,1741
1624,2017-00-05/24/17,1706,9,1,-77.0,845.0,1867,1742
1627,2017-00-05/26/17,1707,9,1,-77.0,846.0,1867,1744
1626,2017-00-05/27/17,1708,10,1,-76.0,846.0,1867,1745
1628,2017-00-05/28/17,1709,10,1,-76.0,847.0,1867,1746
1629,2017-00-05/29/17,1710,11,1,-76.0,848.0,1867,1747
1631,2017-00-05/30/17,1711,11,1,-75.0,848.0,1867,1748
1630,2017-00-05/31/17,1712,12,1,-77.0,849.0,1867,1749
1635,2017-00-06/01/17,1713,12,1,-75.0,850.0,1867,1750
1633,2017-00-06/02/17,1714,13,1,-77.0,849.0,1867,1751
1634,2017-00-06/03/17,1715,13,1,-77.0,851.0,1867,1752
1632,2017-00-06/04/17,1716,14,1,-76.0,850.0,1867,1753
1636,2017-00-06/05/17,1717,14,1,-76.0,851.0,1867,1754
1637,2017-00-06/06/17,1718,15,1,-77.0,852.0,1867,1755
1639,2017-00-06/07/17,1719,15,1,-77.0,853.0,1867,1756
1638,2017-00-06/08/17,1720,16,1,-76.0,853.0,1867,1757
1641,2017-00-06/09/17,1721,16,1,-76.0,852.0,1867,1758
1640,2017-00-06/10/17,1722,17,1,-77.0,854.0,1867,1759
1642,2017-00-06/11/17,1723,17,1,-76.0,854.0,1867,1760
1643,2017-00-06/12/17,1724,18,1,-77.0,856.0,1867,1761
1644,2017-00-06/13/17,1725,18,1,-79.0,857.0,1867,1762
1645,2017-00-06/14/17,1726,19,1,-76.0,855.0,1867,1763
1647,2017-00-06/15/17,1727,19,1,-75.0,855.0,1867,1764
1648,2017-00-06/16/17,1728,20,1,-76.0,855.0,1867,1765
1646,2017-00-06/17/17,1729,20,1,-76.0,858.0,1867,1766
1650,2017-00-06/18/17,1730,21,1,-77.0,858.0,1867,1767
1649,2017-00-06/19/17,1731,21,1,-78.0,857.0,1867,1768
1651,2017-00-06/20/17,1732,22,1,-78.0,858.0,1867,1769
1652,2017-00-06/21/17,1733,22,1,-77.0,859.0,1867,1770
1655,2017-00-06/22/17,1734,23,1,-78.0,859.0,1867,1771
1653,2017-00-06/23/17,1735,23,1,-78.0,861.0,1867,1772
1654,2017-00-06/24/17,1736,23,1,-77.0,860.0,1867,1773
1656,2017-00-06/25/17,1737,24,1,-78.0,861.0,1867,1774
1657,2017-00-06/26/17,1738,24,1,-78.0,861.0,1867,1775
1658,2017-00-06/27/17,1739,25,1,-77.0,861.0,1867,1776
1662,2017-00-06/28/17,1740,25,1,-78.0,861.0,1867,1777
1659,2017-00-06/29/17,1741,26,1,-78.0,863.0,1867,1778
1661,2017-00-06/30/17,1742,26,1,-77.0,865.0,1867,1779
1660,2017-00-07/02/17,1743,27,1,-78.0,863.0,1867,1781
1663,2017-00-07/03/17,1744,27,1,-78.0,863.0,1867,1782
1664,2017-00-07/04/17,1745,28,1,-78.0,865.0,1867,1783
1665,2017-00-07/05/17,1746,28,1,-76.0,866.0,1867,1784
1666,2017-00-07/06/17,1747,29,1,-79.0,866.0,1867,1785
1668,2017-00-07/07/17,1748,29,1,-79.0,867.0,1867,1786
1667,2017-00-07/08/17,1749,30,2,-76.0,867.0,1867,1787
1669,2017-00-07/09/17,1750,30,2,-77.0,867.0,1867,1788
1670,2017-00-07/10/17,1751,31,2,-78.0,867.0,1867,1789
1671,2017-00-07/11/17,1752,31,2,-80.0,867.0,1867,1790
1672,2017-00-07/12/17,1753,32,2,-76.0,868.0,1867,1791
1673,2017-00-07/13/17,1754,32,2,-78.0,870.0,1867,1792
1674,2017-00-07/14/17,1755,32,2,-77.0,870.0,1867,1793
1675,2017-00-07/15/17,1756,33,2,-78.0,871.0,1867,1794
1676,2017-00-07/16/17,1757,33,2,-78.0,871.0,1867,1795
1677,2017-00-07/17/17,1758,34,2,-78.0,871.0,1867,1796
1678,2017-00-07/18/17,1759,34,2,-77.0,871.0,1867,1797
1679,2017-00-07/19/17,1760,35,2,-78.0,872.0,1867,1798
1684,2017-00-07/20/17,1761,35,2,-77.0,872.0,1867,1799
1687,2017-00-07/21/17,1762,36,2,-77.0,872.0,1867,1800
1680,2017-00-07/22/17,1763,36,2,-78.0,873.0,1867,1801
1682,2017-00-07/23/17,1764,37,2,-79.0,872.0,1867,1802
1690,2017-00-07/24/17,1765,37,2,-77.0,873.0,1867,1803
1688,2017-00-07/25/17,1766,38,2,-79.0,873.0,1867,1804
1691,2017-00-07/26/17,1767,38,2,-77.0,874.0,1867,1805
1683,2017-00-07/27/17,1768,39,2,-78.0,875.0,1867,1806
1689,2017-00-07/28/17,1769,39,2,-76.0,875.0,1867,1807
1686,2017-00-07/29/17,1770,39,2,-79.0,875.0,1867,1808
1692,2017-00-07/30/17,1771,40,2,-79.0,876.0,1867,1809
1681,2017-00-07/31/17,1772,40,2,-78.0,876.0,1867,1810
1685,2017-00-08/01/17,1773,41,2,-78.0,876.0,1867,1811
1693,2017-00-08/02/17,1774,41,2,-79.0,877.0,1867,1812
1694,2017-00-08/03/17,1775,42,2,-80.0,877.0,1867,1813
1696,2017-00-08/04/17,1776,42,2,-79.0,877.0,1867,1814
1695,2017-00-08/05/17,1777,43,2,-79.0,877.0,1867,1815
1697,2017-00-08/06/17,1778,43,2,-81.0,877.0,1867,1816
1698,2017-00-08/07/17,1779,44,2,-78.0,878.0,1867,1817
1699,2017-00-08/09/17,1780,44,2,-77.0,879.0,1867,1819
1700,2017-00-08/10/17,1781,45,2,-78.0,879.0,1867,1820
1701,2017-00-08/11/17,1782,45,2,-78.0,878.0,1867,1821
1703,2017-00-08/12/17,1783,45,2,-79.0,879.0,1867,1822
1702,2017-00-08/13/17,1784,46,2,-80.0,883.0,1867,1823
1704,2017-00-08/14/17,1785,46,2,-77.0,881.0,1867,1824
1705,2017-00-08/16/17,1787,47,2,-79.0,881.0,1867,1826
1706,2017-00-08/17/17,1788,48,2,-79.0,881.0,1867,1827
1708,2017-00-08/18/17,1789,48,2,-79.0,881.0,1867,1828
1707,2017-00-08/19/17,1790,49,2,-81.0,882.0,1867,1829
1709,2017-00-08/20/17,1791,49,2,-79.0,882.0,1867,1830
1710,2017-00-08/21/17,1792,50,2,-80.0,883.0,1867,1831
1711,2017-00-08/22/17,1793,50,2,-80.0,883.0,1867,1832
1712,2017-00-08/23/17,1794,50,2,-80.0,883.0,1867,1833
1714,2017-00-08/24/17,1795,51,2,-81.0,882.0,1867,1834
1715,2017-00-08/25/17,1796,51,2,-80.0,883.0,1867,1835
1713,2017-00-08/26/17,1797,52,2,-79.0,884.0,1867,1836
1716,2017-00-08/27/17,1798,52,2,-79.0,883.0,1867,1837
1717,2017-00-08/28/17,1799,53,2,-78.0,883.0,1867,1838
1718,2017-00-08/29/17,1800,53,2,-80.0,883.0,1867,1839
1719,2017-00-08/30/17,1801,54,2,-80.0,882.0,1867,1840
1722,2017-00-08/31/17,1802,54,2,-79.0,882.0,1867,1841
1723,2017-00-09/01/17,1803,55,2,-78.0,882.0,1867,1842
1720,2017-00-09/02/17,1804,55,2,-78.0,883.0,1867,1843
1721,2017-00-09/03/17,1805,55,2,-78.0,883.0,1867,1844
1724,2017-00-09/04/17,1806,56,2,-80.0,884.0,1867,1845
1725,2017-00-09/05/17,1807,56,2,-78.0,884.0,1867,1846
1726,2017-00-09/06/17,1808,57,2,-79.0,884.0,1867,1847
1728,2017-00-09/07/17,1809,57,2,-80.0,884.0,1867,1848
1729,2017-00-09/08/17,1810,58,2,-78.0,883.0,1867,1849
1727,2017-00-09/09/17,1811,58,2,-79.0,882.0,1867,1850
1730,2017-00-09/10/17,1812,59,2,-79.0,882.0,1867,1851
1731,2017-00-09/11/17,1813,59,2,-80.0,881.0,1867,1852
1732,2017-00-09/12/17,1814,59,2,-80.0,881.0,1867,1853
1733,2017-00-09/13/17,1815,60,3,-81.0,881.0,1867,1854
1734,2017-00-09/15/17,1816,60,3,-82.0,882.0,1867,1856
1735,2017-00-09/16/17,1817,61,3,-80.0,882.0,1867,1857
1736,2017-00-09/17/17,1818,61,3,-81.0,881.0,1867,1858
1737,2017-00-09/18/17,1819,62,3,-82.0,880.0,1867,1859
1738,2017-00-09/19/17,1820,62,3,-79.0,881.0,1867,1860
1740,2017-00-09/20/17,1821,63,3,-81.0,882.0,1867,1861
1739,2017-00-09/21/17,1822,63,3,-78.0,881.0,1867,1862
1743,2017-00-09/22/17,1823,64,3,-80.0,879.0,1867,1863
1742,2017-00-09/23/17,1824,64,3,-80.0,879.0,1867,1864
1741,2017-00-09/24/17,1825,64,3,-80.0,878.0,1867,1865
1744,2017-00-09/25/17,1826,65,3,-80.0,878.0,1867,1866
1745,2017-00-09/26/17,1827,65,3,-80.0,879.0,1867,1867
1746,2017-00-09/27/17,1828,66,3,-80.0,878.0,1867,1868
1749,2017-00-09/28/17,1829,66,3,-78.0,877.0,1867,1869
1748,2017-00-09/29/17,1830,67,3,-80.0,877.0,1867,1870
1747,2017-00-09/30/17,1831,67,3,-80.0,876.0,1867,1871
1750,2017-00-10/01/17,1832,68,3,-84.0,875.0,1867,1872
1751,2017-00-10/02/17,1833,68,3,-81.0,875.0,1867,1873
1752,2017-00-10/03/17,1834,68,3,-80.0,875.0,1867,1874
1753,2017-00-10/04/17,1835,69,3,-80.0,873.0,1867,1875
1755,2017-00-10/05/17,1836,69,3,-81.0,873.0,1867,1876
1756,2017-00-10/06/17,1837,70,3,-81.0,872.0,1867,1877
1754,2017-00-10/07/17,1838,70,3,-79.0,872.0,1867,1878
1757,2017-00-10/08/17,1839,71,3,-80.0,872.0,1867,1879
1758,2017-00-10/09/17,1840,71,3,-77.0,871.0,1867,1880
1759,2017-00-10/10/17,1841,72,3,-77.0,870.0,1867,1881
1761,2017-00-10/11/17,1842,72,3,-79.0,869.0,1867,1882
1760,2017-00-10/12/17,1843,72,3,-80.0,869.0,1867,1883
1762,2017-00-10/13/17,1844,73,3,-81.0,869.0,1867,1884
1763,2017-00-10/14/17,1845,73,3,-80.0,868.0,1867,1885
1765,2017-00-10/15/17,1846,74,3,-80.0,868.0,1867,1886
1764,2017-00-10/16/17,1847,74,3,-80.0,866.0,1867,1887
1766,2017-00-10/17/17,1848,75,3,-80.0,865.0,1867,1888
1770,2017-00-10/18/17,1849,75,3,-80.0,864.0,1867,1889
1768,2017-00-10/19/17,1850,76,3,-80.0,864.0,1867,1890
1767,2017-00-10/20/17,1851,76,3,-87.0,864.0,1867,1891
1769,2017-00-10/22/17,1852,77,3,-80.0,863.0,1867,1893
1771,2017-00-10/23/17,1853,77,3,-80.0,862.0,1867,1894
1772,2017-00-10/24/17,1854,77,3,-80.0,861.0,1867,1895
1773,2017-00-10/25/17,1855,78,3,-78.0,861.0,1867,1896
1774,2017-00-10/26/17,1856,78,3,-80.0,859.0,1867,1897
1776,2017-00-10/27/17,1857,79,3,-80.0,858.0,1867,1898
1775,2017-00-10/28/17,1858,79,3,-81.0,857.0,1867,1899
1779,2017-00-10/29/17,1859,80,3,-79.0,857.0,1867,1900
1778,2017-00-10/30/17,1860,80,3,-80.0,857.0,1867,1901
1780,2017-00-10/31/17,1861,81,3,-79.0,855.0,1867,1902
1777,2017-00-11/01/17,1862,81,3,-81.0,854.0,1867,1903
1781,2017-00-11/02/17,1863,81,3,-80.0,853.0,1867,1904
1782,2017-00-11/03/17,1864,82,3,-82.0,852.0,1867,1905
1783,2017-00-11/04/17,1865,82,3,-80.0,852.0,1867,1906
1785,2017-00-11/05/17,1866,83,3,-80.0,850.0,1867,1907
1784,2017-00-11/06/17,1867,83,3,-78.0,848.0,1867,1908
1786,2017-00-11/07/17,1868,84,3,-80.0,848.0,1867,1909
1787,2017-00-11/08/17,1869,84,3,-81.0,846.0,1867,1910
1788,2017-00-11/09/17,1870,85,3,-81.0,845.0,1867,1911
1789,2017-00-11/10/17,1871,85,3,-80.0,844.0,1867,1912
1791,2017-00-11/11/17,1872,86,3,-79.0,843.0,1867,1913
1790,2017-00-11/12/17,1873,86,3,-79.0,842.0,1867,1914
1792,2017-00-11/13/17,1874,86,3,-80.0,840.0,1867,1915
1793,2017-00-11/14/17,1875,87,3,-79.0,839.0,1867,1916
1794,2017-00-11/15/17,1876,87,3,-79.0,838.0,1867,1917
1797,2017-00-11/16/17,1877,88,3,-79.0,837.0,1867,1918
1795,2017-00-11/17/17,1878,88,3,-79.0,835.0,1867,1919
1796,2017-00-11/18/17,1879,89,3,-79.0,834.0,1867,1920
1798,2017-00-11/19/17,1880,89,3,-79.0,833.0,1867,1921
1803,2017-00-11/20/17,1881,90,4,-79.0,832.0,1867,1922
1801,2017-00-11/21/17,1882,90,4,-78.0,831.0,1867,1923
1800,2017-00-11/22/17,1883,91,4,-78.0,830.0,1867,1924
1799,2017-00-11/23/17,1884,91,4,-79.0,829.0,1867,1925
1804,2017-00-11/24/17,1885,91,4,-79.0,827.0,1867,1926
1805,2017-00-11/25/17,1886,92,4,-79.0,826.0,1867,1927
1802,2017-00-11/26/17,1887,92,4,-79.0,824.0,1867,1928
1807,2017-00-11/27/17,1888,93,4,-79.0,823.0,1867,1929
1806,2017-00-11/29/17,1889,93,4,-80.0,822.0,1867,1931
1808,2017-00-11/30/17,1890,94,4,-79.0,821.0,1867,1932
1810,2017-00-12/01/17,1891,94,4,-80.0,819.0,1867,1933
1809,2017-00-12/02/17,1892,95,4,-81.0,817.0,1867,1934
1812,2017-00-12/03/17,1893,95,4,-79.0,816.0,1867,1935
1811,2017-00-12/04/17,1894,96,4,-79.0,815.0,1867,1936
1814,2017-00-12/05/17,1895,96,4,-78.0,814.0,1867,1937
1813,2017-00-12/06/17,1896,96,4,-79.0,812.0,1867,1938
1817,2017-00-12/07/17,1897,97,4,-80.0,811.0,1867,1939
1816,2017-00-12/08/17,1898,97,4,-81.0,810.0,1867,1940
1815,2017-00-12/09/17,1899,98,4,-81.0,808.0,1867,1941
1818,2017-00-12/10/17,1900,98,4,-81.0,807.0,1867,1942
1819,2017-00-12/11/17,1901,99,4,-81.0,806.0,1867,1943
1820,2017-00-12/12/17,1902,99,4,-79.0,804.0,1867,1944
1821,2017-00-12/13/17,1903,100,4,-78.0,803.0,1867,1945
1822,2017-00-12/14/17,1904,100,4,-79.0,801.0,1867,1946
1823,2017-00-12/15/17,1905,101,4,-80.0,800.0,1867,1947
1824,2017-00-12/16/17,1906,101,4,-79.0,799.0,1867,1948
1825,2017-00-12/17/17,1907,101,4,-79.0,798.0,1867,1949
1826,2017-00-12/18/17,1908,102,4,-79.0,796.0,1867,1950
1827,2017-00-12/19/17,1909,102,4,-80.0,795.0,1867,1951
1828,2017-00-12/20/17,1910,103,4,-80.0,794.0,1867,1952
1833,2017-00-12/21/17,1911,103,4,-79.0,792.0,1867,1953
1832,2017-00-12/22/17,1912,104,4,-80.0,791.0,1867,1954
1830,2017-00-12/23/17,1913,104,4,-79.0,791.0,1867,1955
1834,2017-00-12/24/17,1914,105,4,-78.0,790.0,1867,1956
1835,2017-00-12/25/17,1915,105,4,-78.0,788.0,1867,1957
1829,2017-00-12/26/17,1916,106,4,-79.0,787.0,1867,1958
1831,2017-00-12/27/17,1917,106,4,-80.0,786.0,1867,1959
1839,2017-00-12/28/17,1918,107,4,-77.0,784.0,1867,1960
1836,2017-00-12/29/17,1919,107,4,-77.0,783.0,1867,1961
1837,2017-00-12/30/17,1920,108,4,-77.0,782.0,1867,1962
1838,2017-00-12/31/17,1921,108,4,-78.0,781.0,1867,1963
1840,2018-00-01/01/18,1922,108,4,-79.0,780.0,1867,1964
1842,2018-00-01/02/18,1923,109,4,-77.0,778.0,1867,1965
1841,2018-00-01/03/18,1924,109,4,-78.0,777.0,1867,1966
1844,2018-00-01/05/18,1925,110,4,-79.0,777.0,1867,1968
1843,2018-00-01/06/18,1926,110,4,-80.0,775.0,1867,1969
1845,2018-00-01/07/18,1927,111,4,-79.0,774.0,1867,1970
1847,2018-00-01/08/18,1928,111,4,-78.0,773.0,1867,1971
1846,2018-00-01/09/18,1929,112,4,-79.0,771.0,1867,1972
1848,2018-00-01/10/18,1930,112,4,-79.0,770.0,1867,1973
1849,2018-00-01/11/18,1931,113,4,-79.0,770.0,1867,1974
1850,2018-00-01/12/18,1932,113,4,-79.0,768.0,1867,1975
1852,2018-00-01/13/18,1933,114,4,-78.0,767.0,1867,1976
1851,2018-00-01/14/18,1934,114,4,-79.0,766.0,1867,1977
1853,2018-00-01/15/18,1935,115,4,-80.0,765.0,1867,1978
1855,2018-00-01/16/18,1936,115,4,-79.0,764.0,1867,1979
1854,2018-00-01/17/18,1937,116,4,-80.0,763.0,1867,1980
1859,2018-00-01/18/18,1938,116,4,-78.0,762.0,1867,1981
1857,2018-00-01/19/18,1939,116,4,-78.0,760.0,1867,1982
1858,2018-00-01/20/18,1940,117,4,-77.0,759.0,1867,1983
1856,2018-00-01/21/18,1941,117,4,-77.0,758.0,1867,1984
1860,2018-00-01/22/18,1942,118,4,-78.0,757.0,1867,1985
1863,2018-00-01/23/18,1943,118,4,-78.0,756.0,1867,1986
1861,2018-00-01/24/18,1944,119,4,-80.0,755.0,1867,1987
1862,2018-00-01/25/18,1945,119,4,-78.0,754.0,1867,1988
1864,2018-00-01/26/18,1946,120,5,-79.0,753.0,1867,1989
1865,2018-00-01/27/18,1947,120,5,-78.0,751.0,1867,1990
1866,2018-00-01/28/18,1948,121,5,-78.0,752.0,1867,1991
1867,2018-00-01/29/18,1949,121,5,-78.0,751.0,1867,1992
1868,2018-00-01/30/18,1950,122,5,-79.0,750.0,1867,1993
1869,2018-00-01/31/18,1951,122,5,-77.0,749.0,1867,1994
1871,2018-00-02/01/18,1952,123,5,-80.0,748.0,1867,1995
1870,2018-00-02/02/18,1953,123,5,-78.0,747.0,1867,1996
1872,2018-00-02/03/18,1954,124,5,-77.0,745.0,1867,1997
1873,2018-00-02/04/18,1955,124,5,-77.0,745.0,1867,1998
1879,2018-00-02/05/18,1956,125,5,-79.0,744.0,1867,1999
1875,2018-00-02/06/18,1957,125,5,-77.0,742.0,1867,2000
1874,2018-00-02/07/18,1958,126,5,-77.0,741.0,1867,2001
1878,2018-00-02/08/18,1959,126,5,-78.0,740.0,1867,2002
1876,2018-00-02/09/18,1960,127,5,-78.0,740.0,1867,2003
1877,2018-00-02/11/18,1961,127,5,-77.0,740.0,1867,2005
1880,2018-00-02/12/18,1962,128,5,-78.0,738.0,1867,2006
1881,2018-00-02/13/18,1963,128,5,-77.0,737.0,1867,2007
1882,2018-00-02/14/18,1964,129,5,-76.0,736.0,1867,2008
1883,2018-00-02/15/18,1965,129,5,-76.0,735.0,1867,2009
1884,2018-00-02/16/18,1966,130,5,-77.0,735.0,1867,2010
1885,2018-00-02/17/18,1967,130,5,-76.0,734.0,1867,2011
1886,2018-00-02/18/18,1968,131,5,-76.0,732.0,1867,2012
1887,2018-00-02/19/18,1969,131,5,-76.0,732.0,1867,2013
1888,2018-00-02/20/18,1970,132,5,-77.0,731.0,1867,2014
1890,2018-00-02/21/18,1971,132,5,-78.0,731.0,1867,2015
1891,2018-00-02/22/18,1972,133,5,-78.0,730.0,1867,2016
1889,2018-00-02/23/18,1973,133,5,-78.0,730.0,1867,2017
1892,2018-00-02/24/18,1974,134,5,-77.0,729.0,1867,2018
1894,2018-00-02/25/18,1975,134,5,-76.0,729.0,1867,2019
1893,2018-00-02/26/18,1976,135,5,-77.0,728.0,1867,2020
1895,2018-00-02/27/18,1977,135,5,-77.0,727.0,1867,2021
